<!-------LABORATORIO 5----->
<Course_Catalog>
	<Department Code="CS">
		<Title>Computer Science</Title>
		<Chair>
			<Professor>
				<First_Name>Jennifer</First_Name>
				<Last_Name>Widom</Last_Name>
			</Professor>
		</Chair>
		<Course Number="CS106A" Enrollment="1070">
			<Title>Programming Methodology</Title>
			<Description>Introduction to the engineering of computer applications emphasizing modern software engineering principles.</Description>
			<Instructors>
				<Lecturer>
					<First_Name>Jerry</First_Name>
					<Middle_Initial>R.</Middle_Initial>
					<Last_Name>Cain</Last_Name>
				</Lecturer>
				<Professor>
					<First_Name>Eric</First_Name>
					<Last_Name>Roberts</Last_Name>
				</Professor>
				<Professor>
					<First_Name>Mehran</First_Name>
					<Last_Name>Sahami</Last_Name>
				</Professor>
			</Instructors>
		</Course>
		<Course Number="CS106B" Enrollment="620">
			<Title>Programming Abstractions</Title>
			<Description>Abstraction and its relation to programming.</Description>
			<Instructors>
				<Professor>
					<First_Name>Eric</First_Name>
					<Last_Name>Roberts</Last_Name>
				</Professor>
				<Lecturer>
					<First_Name>Jerry</First_Name>
					<Middle_Initial>R.</Middle_Initial>
					<Last_Name>Cain</Last_Name>
				</Lecturer>
			</Instructors>
			<Prerequisites>
				<Prereq>CS106A</Prereq>
			</Prerequisites>
		</Course>
		<Course Number="CS107" Enrollment="500">
			<Title>Computer Organization and Systems</Title>
			<Description>Introduction to the fundamental concepts of computer systems.</Description>
			<Instructors>
				<Lecturer>
					<First_Name>Julie</First_Name>
					<Last_Name>Zelenski</Last_Name>
				</Lecturer>
			</Instructors>
			<Prerequisites>
				<Prereq>CS106B</Prereq>
			</Prerequisites>
		</Course>
			<Course Number="CS109" Enrollment="280">
			<Title>Introduction to Probability for Computer Scientists</Title>
			<Instructors>
				<Professor>
					<First_Name>Mehran</First_Name>
					<Last_Name>Sahami</Last_Name>
				</Professor>
			</Instructors>
			<Prerequisites>
				<Prereq>CS106B</Prereq>
			</Prerequisites>
		</Course>
		<Course Number="CS124" Enrollment="60">
			<Title>From Languages to Information</Title>
			<Description>Natural language processing. Cross-listed as LING180.</Description>
			<Instructors>
				<Professor>
					<First_Name>Dan</First_Name>
					<Last_Name>Jurafsky</Last_Name>
				</Professor>
			</Instructors>
			<Prerequisites>
				<Prereq>CS107</Prereq>
				<Prereq>CS109</Prereq>
			</Prerequisites>
		</Course>
		<Course Number="CS143" Enrollment="90">
			<Title>Compilers</Title>
			<Description>Principles and practices for design and implementation of compilers and interpreters.</Description>
			<Instructors>
				<Professor>
					<First_Name>Alex</First_Name>
					<Middle_Initial>S.</Middle_Initial>
					<Last_Name>Aiken</Last_Name>
				</Professor>
			</Instructors>
			<Prerequisites>
				<Prereq>CS107</Prereq>
			</Prerequisites>
		</Course>
		<Course Number="CS145" Enrollment="130">
			<Title>Introduction to Databases</Title>
			<Description>Database design and use of database management systems for applications.</Description>
			<Instructors>
				<Professor>
					<First_Name>Jennifer</First_Name>
					<Last_Name>Widom</Last_Name>
				</Professor>
			</Instructors>
			<Prerequisites>
				<Prereq>CS107</Prereq>
			</Prerequisites>
		</Course>
		<Course Number="CS221" Enrollment="180">
			<Title>Artificial Intelligence: Principles and Techniques</Title>
			<Instructors>
				<Professor>
					<First_Name>Andrew</First_Name>
					<Last_Name>Ng</Last_Name>
				</Professor>
				<Professor>
					<First_Name>Sebastian</First_Name>
					<Last_Name>Thrun</Last_Name>
				</Professor>
			</Instructors>
		</Course>
		<Course Number="CS228" Enrollment="110">
			<Title>Structured Probabilistic Models: Principles and Techniques</Title>
			<Description>Using probabilistic modeling languages to represent complex domains.</Description>
			<Instructors>
				<Professor>
					<First_Name>Daphne</First_Name>
					<Last_Name>Koller</Last_Name>
				</Professor>
			</Instructors>
		</Course>
		<Course Number="CS229" Enrollment="320">
			<Title>Machine Learning</Title>
			<Description>A broad introduction to machine learning and statistical pattern recognition.</Description>
			<Instructors>
				<Professor>
					<First_Name>Andrew</First_Name>
					<Last_Name>Ng</Last_Name>
				</Professor>
			</Instructors>
		</Course>
	</Department>
	<Department Code="EE">
		<Title>Electrical Engineering</Title>
		<Chair>
			<Professor>
				<First_Name>Mark</First_Name>
				<Middle_Initial>A.</Middle_Initial>
				<Last_Name>Horowitz</Last_Name>
			</Professor>
		</Chair>
		<Course Number="EE108A">
			<Title>Digital Systems I</Title>
			<Description>Digital circuit, logic, and system design.</Description>
			<Instructors>
				<Professor>
					<First_Name>Subhasish</First_Name>
					<Last_Name>Mitra</Last_Name>
				</Professor>
			</Instructors>
		</Course>
		<Course Number="EE108B">
			<Title>Digital Systems II</Title>
			<Description>The design of processor-based digital systems.</Description>
			<Instructors>
				<Professor>
					<First_Name>William</First_Name>
					<Middle_Initial>J.</Middle_Initial>
					<Last_Name>Dally</Last_Name>
				</Professor>
				<Professor>
					<First_Name>Oyekunle</First_Name>
					<Last_Name>Olukotun</Last_Name>
				</Professor>
			</Instructors>
			<Prerequisites>
				<Prereq>EE108A</Prereq>
				<Prereq>CS106B</Prereq>
			</Prerequisites>
		</Course>
	</Department>
	<Department Code="LING">
		<Title>Linguistics</Title>
		<Chair>
			<Professor>
				<First_Name>Beth</First_Name>
				<Last_Name>Levin</Last_Name>
			</Professor>
		</Chair>
		<Course Number="LING180" Enrollment="60">
			<Title>From Languages to Information</Title>
			<Description>Natural language processing. Cross-listed as CS124.</Description>
			<Instructors>
				<Professor>
					<First_Name>Dan</First_Name>
					<Last_Name>Jurafsky</Last_Name>
				</Professor>
			</Instructors>
			<Prerequisites>
				<Prereq>CS107</Prereq>
				<Prereq>CS109</Prereq>
			</Prerequisites>
		</Course>
	</Department>
</Course_Catalog>


Course_Catalog/Department/Course[exists(Course_Catalog/Department/Course/description)]/@nombre

A. Cuales son las ventajas de unos u otros?
En el editor de texto tenemos la facilidad de revisar cada una de las aperturas y cierres de la etiqueta de manera más sencilla, facilitándonos para un futuro su debbug en caso de que algo esté mal
La ventaja del editor en navegador es que el código ya viene identado por predeterminado


B. CONSULTAS INICIALES



1. ¿De cuáles cursos se tiene información? 
[a. Nombre con etiqueta]
	Course_Catalog/Department/Course/Title
	
[b. Nombre sin etiqueta]
	Course_Catalog/Department/Course/Title/text()
	
[c. Código con atributo (es @Number)]
	Course_Catalog/Department[Course/@Number]/@Code

[d. Código sin atributo]
	Course_Catalog/Department[Course[not(@Number)]]/@Code
	
[e. Número total de cursos]
	count(Course_Catalog/Department/Course)
	
	
	
2. ¿Cuál es la información del curso Introduction to Databases? 
[a. Toda la información]
	Course_Catalog/Department/Course[Title = 'Introduction to Databases']
	
[b. Todos los atributos]
	Course_Catalog/Department/Course[Title = 'Introduction to Databases']/@*

[c. Todas las etiquetas]
	Course_Catalog/Department/Course[Title = 'Introduction to Databases']/*
	
	
	
3.¿Cuántos departamentos tenemos?
	count(Course_Catalog/Department)
¿Cuales son?
[Nombre]
	Course_Catalog/Department/Course/Title/text()
	
	
	
4. ¿A qué departemento pertenece el curso Introduction to Databases?
[Código]
		Course_Catalog/Department[Course[Title = 'Introduction to Databases']]/@Code
		
		
		
5.¿Cuáles cursos son iniciales (no tienen prerrequisitos)?
	Course_Catalog/Department/Course[not(Prerequisites)]/Title/text()
	
	
	
6. ¿Cuáles cursos son finales (no son prerrequisitos de ninguno)? [Nombre]
	Course_Catalog/Department/Course[not(@Number = ../Course/Prerequisites/Prereq/text())]/@Number
	
	
	
7. ¿Cuáles directores de departamento no colaboran en cursos?[Toda la información] 
	Course_Catalog/Department[not(Chair/Professor/Last_Name/text() = Course/Instructors/Professor/Last_Name/text())]/Chair/Professor
	


8. ¿Cuál es el total de inscripciones de los cursos?
	sum(Course_Catalog/Department/Course/@Enrollment)
	
	
	
9. ¿De cuáles cursos no se conoce el número de inscritos? [Nombre]
	Course_Catalog/Department/Course[not(@Enrollment)]/Title/text()
	
	
	
10. ¿Cuál curso tiene el mayor número de inscritos? [Nombre]
	Course_Catalog/Department/Course[@Enrollment = max(../../Department/Course/@Enrollment)]/Title/text()


B.



1. Return all Title elements (of both departments and courses)
	Course_Catalog/Department/(Title |Course/Title)/text()
   
   
   
2. Return last names of all department chairs. (3)
	Course_Catalog/Department/Chair/Professor/Last_Name/text()
   
   
   
3. Return titles of courses with enrollment greater than 500. 
	Course_Catalog/Department/Course[@Enrollment > 500]/Title/text()
   
   
   
4. Return titles of departments that have some course that takes "CS106B" as a prerequisite.
	Course_Catalog/Department[Course/Prerequisites/Prereq= "CS106B"]/Title/text()
   
   
   
5. Return last names of all professors or lecturers who use a middle initial. Don't worry about eliminating 
    duplicates. (5)
	Course_Catalog/Department/Course/Instructors/*[Middle_Initial]/Last_Name/text()
   
   
   
6. Return the title of courses that have a cross-listed course (i.e., that have "Cross-listed" in their description). 
	Course_Catalog/Department/Course[contains(Description,'Cross-listed')]/Title/text()
   
   
   
7. Return the enrollment of all courses in the CS department
	Course_Catalog/Department[@Code = 'CS']/Course/@Enrollment
   
   
   
8. Return last names of instructors teaching at least one course that has "system" in its description and 
    enrollment greater than 100.
	Course_Catalog/Department/Course[@Enrollment > 100 and contains(Description,'system')]/Instructors/*/Last_Name
	
	
	
9. Return the title of the course with more than 2 instructors (*)(1)
		Course_Catalog/Department/Course[count(Instructors/*) > 2]/Title/text()



10. Return course numbers of courses that have the same title as some other course. 
	Course_Catalog/Department/Course[Count(../Course/Title) > 2]/@Number
	
	
	
11. Return the courses numbers of courses that have no lecturers as instructors. (*)(10)	
	Course_Catalog/Department/Course[not(Instructors/Lecturer)]/@Number
	
	
12. Return titles of courses taught by the chair of a department. For this question, you may assume that all
professors have distinct last names. (1)
	Course_Catalog/Department/Course[../../Department/Chair/Professor/Last_Name/text() = Instructors/Professor/Last_Name/text()]/Title/text()
	
	
	
13. Return titles of courses taught by a professor with the last name "Ng" and by a professor with the last
name "Thrun". (*)(1)
	Course_Catalog/Department/Course[Instructors//Last_Name = "Ng" and Instructors//Last_Name = "Thrun" ]/Title/text()
	
	
	
14. Return course numbers of courses that have a course taught by Eric Roberts as a prerequisite. (4)
	Course_Catalog/Department/Course[Prerequisites/Prereq =../../Department/Course[Instructors//First_Name = 'Eric' and Instructors//Last_Name = 'Roberts']/@Number]/@Number



C. CONSULTAS PROPIAS
Propongan e implementen cinco consultas propias

- Cuales son los cursos donde Mehran Sahami dicta clase
Course_Catalog/Department/Course[Instructors/Professor/First_Name= 'Mehran'  and Instructors/Professor/Last_Name= 'Sahami' ]/Title/text()


-Cuales cursos tienen como prerequisito el curso con código CS107
Course_Catalog/Department/Course[Prerequisites/Prereq/text() = 'CS107']/Title/text()


-Deme el departamento donde tengan mas de cinco profesores
Course_Catalog/Department[count(Course/Instructors/Professor/Last_Name) > 5]/@Code


-Deme los cursos que tengan prerrequisitos
Course_Catalog/Department/Course[Prerequisites]/Title/text()


-Deme los apellidos de los profesores del departamento LING
Course_Catalog/Department[@Code = 'LING']/Course/Instructors/Professor/Last_Name/text()


D. ESQUEMA
Proponga un DTD para estos datos.


<?xml version="1.0"?>
<!DOCTYPE Course_Catalog [
	<!ELEMENT Course_Catalog (Department*)>
	<!ELEMENT Department (Title, Chair, Course*)>
	<!ATTLIST Department Code ID #REQUIRED>
	<!ELEMENT Title (#PCDATA)>
	<!ELEMENT Chair (Professor)>
	<!ELEMENT Professor (First_Name,Middle_Initial?,Last_Name)>
	<!ELEMENT First_Name (#PCDATA)>
	<!ELEMENT Middle_Initial (#PCDATA)>
	<!ELEMENT Last_Name (#PCDATA)>
	<!ELEMENT Course (Title, Description?, Instructors,Prerequisites?)>
	<!ATTLIST Course Number ID #REQUIRED>
	<!ATTLIST Course Enrollment CDATA #IMPLIED>
	<!ELEMENT Description (#PCDATA)>
	<!ELEMENT Instructors (Professor*,Lecturer*)>
	<!ELEMENT Lecturer (First_Name,Middle_Initial?,Last_Name)> 
	<!ELEMENT Prerequisites (Prereq*)>
	<!ELEMENT Prereq (#PCDATA)>
]>



E. NUEVOS DATOS
Incluya en el archivo la información de los cursos AYED POOB y MBDA de la ESCUELA.
Verifique que cumple el esquema definido anteriormente



<Department Code="SE">
		<Title>Systems Engineering</Title>
		<Chair>
			<Professor>
				<First_Name>Oswaldo</First_Name>
				<Middle_Initial>C.</Middle_Initial>
				<Last_Name>Navetty</Last_Name>
			</Professor>
		</Chair>
		<Course Number="POOB" Enrollment="20">
			<Title>Programacion Orientada a Objetos</Title>
			<Description>El paradigma orientado a objetos ha mostrado ser útil en el desarrollo de artefactos software correctos y extensibles; hoy en día es un estándar de la industria del software con creciente cantidad de adeptos y con un futuro promisorio en las disciplinas de la computación. Los futuros ingenieros de sistemas deben estudiar y manejar hábilmente sus conceptos, técnicas y metodologías; comprender sus ventajas y desventajas; y saber utilizar las tecnologías informáticas asociadas con este paradigma.</Description>
			<Instructors>
				<Professor>
					<First_Name>Rodrigo</First_Name>
					<Middle_Initial>H.</Middle_Initial>
					<Last_Name>Gualteros</Last_Name>
				</Professor>
				<Professor>
					<First_Name>Dagoberto</First_Name>
					<Middle_Initial>B.</Middle_Initial>
					<Last_Name>Garzon</Last_Name>
				</Professor>
				<Lecturer>
					<First_Name>Maria</First_Name>
					<Middle_Initial>I.</Middle_Initial>
					<Last_Name>Diaz</Last_Name>
				</Lecturer>
			</Instructors>
			<Prerequisites>
				<Prereq>AYED</Prereq>
			</Prerequisites>
		</Course>
		<Course Number="MBDA" Enrollment="22">
			<Title>Modelos y Bases de Datos</Title>
			<Description>Las bases de datos son componentes esenciales de los sistemas de información de las organizaciones y actualmente la gran mayoría de las mismas están sobre sistemas de bases de datos relacionales. Los estudiantes de ingeniería de sistemas deben adquirir los conocimientos y desarrollar las habilidades que les permitan diseñar modelos conceptuales de datos para las organizaciones, construir bases de datos relacionales correspondientes a modelos conceptuales definidos y manejar con propiedad un motor de bases de datos relacional.</Description>
			<Instructors>
				<Professor>
					<First_Name>Fredy</First_Name>
					<Middle_Initial>H.</Middle_Initial>
					<Last_Name>Diaz</Last_Name>
				</Professor>
				<Professor>
					<First_Name>Laura</First_Name>
					<Middle_Initial>C.</Middle_Initial>
					<Last_Name>Herrera</Last_Name>
				</Professor>
				<Lecturer>
					<First_Name>Maria</First_Name>
					<Middle_Initial>I.</Middle_Initial>
					<Last_Name>Diaz</Last_Name>
				</Lecturer>
			</Instructors>
			<Prerequisites>
				<Prereq>LCAT</Prereq>
				<Prereq>AYPR</Prereq>
			</Prerequisites>
		</Course>
		<Course Number="AYED" Enrollment="25">
			<Title>Algoritmos y Estructura de Datos</Title>
			<Instructors>
				<Professor>
					<First_Name>Sebastian</First_Name>
					<Middle_Initial>C.</Middle_Initial>
					<Last_Name>Reyes</Last_Name>
				</Professor>
				<Lecturer>
					<First_Name>Sebastian</First_Name>
					<Middle_Initial>C.</Middle_Initial>
					<Last_Name>Reyes</Last_Name>
				</Lecturer>
			</Instructors>
			<Prerequisites>
				<Prereq>AYPR</Prereq>
			</Prerequisites>
		</Course>
	</Department>



PUNTO DOS. (XML – Oracle) Ayudar2. TRazon
1) Proponga la estructura XML necesaria para tener la información de la razón en una
opinión grupal. DTD

<?xml version="1.0"?>
<!DOCTYPE TRazon[
	<!ELEMENT TRazon (Comentarios,Sugerencias,Reclamos)>
	<!ELEMENT Comentarios (Adjetivo,Descripcion, Puntaje)>
	<!ELEMENT Adjetivo (#PCDATA)>
	<!ELEMENT Descripcion (#PCDATA)>
	<!ELEMENT Puntaje (#PCDATA)>
	<!ELEMENT Sugerencias (Adjetivo,Descripcion, Puntaje)>
	<!ATTLIST Sugerencias Idea_Mejoramiento CDATA #REQUIRED>
	<!ELEMENT Reclamos (Adjetivo,Descripcion, Puntaje)>
	<!ATTLIST Reclamos Daño CDATA #IMPLIED>
]>

	
XML-OK
	<TRazon>
		<Comentarios> 
			<Adjetivo>Pésimmo</Adjetivo>
			<Descripcion>Producto en muy mal estado</Descripcion>
			<Puntaje>2</Puntaje>
		</Comentarios>
		
		<Sugerencias Idea_Mejoramiento = 'Revisar el estado del producto'>
			<Adjetivo>Regular</Adjetivo>
			<Descripcion>Se puede mejorar la calidad</Descripcion>
			<Puntaje>25</Puntaje>
		</Sugerencias>
		
		<Reclamos Daño = '1000000'>
			<Adjetivo>Pesimo</Adjetivo>
			<Descripcion>Se daño por completo el producto</Descripcion>
			<Puntaje>0</Puntaje>
		</Reclamos>
	</TRazon>

XML-NoOK

Este XML no está correcto, puesto que en DTD se dijo que en Sugerencias se tenía que generar obligatoriamente un atributo llamado Idea_Mejoramiento.
Al no estár el atributo va a saltar error de que se necesita ese valor
<TRazon>
		<Comentarios> 
			<Adjetivo>Bien</Adjetivo>
			<Descripcion>Me gustó el producto</Descripcion>
			<Puntaje>90</Puntaje>
		</Comentarios>
		
		<Sugerencias>
			<Adjetivo>Bueno</Adjetivo>
			<Descripcion>Nada por mejorar</Descripcion>
			<Puntaje>90</Puntaje>
		</Sugerencias>
		
		<Reclamos>
			<Adjetivo>Bueno</Adjetivo>
			<Descripcion>Nada por agregar</Descripcion>
			<Puntaje>90</Puntaje>
		</Reclamos>
</TRazon>



2) Actualice la tabla y los datos adicionados a la base de datos. (PoblandoOK,
ProblandoNoOK)


CREATE TABLE opiniongrupal (
    razon           XMLTYPE,
    estrellas       NUMBER(1) NOT NULL,
    numero          NUMBER(5) NOT NULL,
    fecha           DATE NOT NULL,
    opinion         VARCHAR(1) NOT NULL,
    justificacion   VARCHAR(20) NOT NULL,
    codigo          NUMBER(7) NOT NULL,
    codigo_bien     VARCHAR(5) NOT NULL
	)
	
ADICION POBLAR_OK



INSERT INTO persona
VALUES (120,'Germiro','M','L',TO_DATE('1995/09/02','yyyy/mm/dd'),35988);

INSERT INTO localidad
VALUES ('Germiro120',2,'Tangdapio');

INSERT INTO familia 
VALUES (45689,15985,'Germiro120',120);

INSERT INTO asignacion   
VALUES (123456789,'20/03/2020',1,45689);

INSERT INTO localidad 
VALUES ('Kennedy',1,'Cundinamarca');

INSERT INTO bien 
VALUES ('DF600','Ropa usada','V','XS',105,0,45689);

INSERT INTO opinion 
VALUES (200,TO_DATE('2020/09/02','yyyy/mm/dd'),5,'perfect',120,'DF600');

INSERT INTO opiniongrupal
VALUES (XMLTYPE('<TRazon>
		<Comentarios> 
			<Adjetivo>Pésimmo</Adjetivo>
			<Descripcion>Producto en muy mal estado</Descripcion>
			<Puntaje>2</Puntaje>
		</Comentarios>
		
		<Sugerencias Idea_Mejoramiento = 'Revisar el estado del producto'>
			<Adjetivo>Regular</Adjetivo>
			<Descripcion>Se puede mejorar la calidad</Descripcion>
			<Puntaje>25</Puntaje>
		</Sugerencias>
		
		<Reclamos Daño = '1000000'>
			<Adjetivo>Pesimo</Adjetivo>
			<Descripcion>Se daño por completo el producto</Descripcion>
			<Puntaje>0</Puntaje>
		</Reclamos>
	</TRazon>'),1,200,TO_DATE('2020/09/02','yyyy/mm/dd'),M,'Producto en pésimo estado',120,'DF600');
	
	
	
ADICION POBLAR_NO_OK



INSERT INTO persona
VALUES (680,'Diego','M','L',TO_DATE('1998/09/02','yyyy/mm/dd'),36998);

INSERT INTO localidad
VALUES ('Suba',4,'Tangdapio');

INSERT INTO familia 
VALUES (88524,36998,'Germiro120',680);

INSERT INTO asignacion   
VALUES (123456789,'20/03/2020',1,45689);

INSERT INTO localidad 
VALUES ('Kennedy',1,'Cundinamarca');

INSERT INTO bien 
VALUES ('DF100','Ropa usada','V','XS',105,0,45689);

INSERT INTO opinion 
VALUES (315,TO_DATE('2020/09/02','yyyy/mm/dd'),5,'perfect',680,'DF100');

INSERT INTO opiniongrupal
VALUES (XMLTYPE('<TRazon>
		<Comentarios> 
			<Adjetivo>Bien</Adjetivo>
			<Descripcion>Me gustó el producto</Descripcion>
			<Puntaje>90</Puntaje>
		</Comentarios>
		
		<Sugerencias>
			<Adjetivo>Bueno</Adjetivo>
			<Descripcion>Nada por mejorar</Descripcion>
			<Puntaje>90</Puntaje>
		</Sugerencias>
		
		<Reclamos>
			<Adjetivo>Bueno</Adjetivo>
			<Descripcion>Nada por agregar</Descripcion>
			<Puntaje>90</Puntaje>
		</Reclamos>
</TRazon>'),1,315,TO_DATE('2020/09/02','yyyy/mm/dd'),B,'Producto en buen estado',680,'DF100');



3) Implemente la consulta definida para Consultar bienes con reclamos

SELECT bien.codigo, bien.nombre, EXTRACTVALUE(opiniongrupal.razon,'/TRazon[Reclamos]/Reclamos/Descripcion/text()') FROM opiniongrupal
    JOIN opinion
    ON opinion.numero = opiniongrupal.numero
    JOIN bien
    ON opinion.codigo_bien = bien.codigo;
	


4) Proponga otra nueva consulta que use TRazon (Diseño e implementación)



Se quiere buscar bienes (Su especificación) y su comentario donde en TRazon el adjetivo del comentario sea Bien o Bueno, pero su puntaje sea menor a 60
SELECT bien.codigo, bien.nombre, EXTRACTVALUE(opiniongrupal.razon,'/TRazon[Comentarios]/Comentarios[not(Comentarios/Adjetivo/text() = 'Bueno' and (Comentarios/Puntaje > 60))]/Comentarios/text()') FROM opiniongrupal 
    JOIN opinion
    ON opinion.numero = opiniongrupal.numero
    JOIN bien
    ON opinion.codigo_bien = bien.codigo;
	
	
	
5) Extienda la información de la razón (TRazon-DTD) y proponga una nueva consulta
que ilustre la pertinencia de la nueva información registrada en XML. (Diseño e
implementación)

<?xml version="1.0"?>
<!DOCTYPE TRazon[
	<!ELEMENT TRazon (Comentarios,Sugerencias,Reclamos,Agradecimiento)>
	<!ELEMENT Comentarios (Adjetivo,Descripcion, Puntaje)>
	<!ELEMENT Adjetivo (#PCDATA)>
	<!ELEMENT Descripcion (#PCDATA)>
	<!ELEMENT Puntaje (#PCDATA)>
	<!ELEMENT Sugerencias (Adjetivo,Descripcion, Puntaje)>
	<!ATTLIST Sugerencias Idea_Mejoramiento CDATA #REQUIRED>
	<!ELEMENT Reclamos (Adjetivo,Descripcion, Puntaje)>
	<!ATTLIST Reclamos Daño CDATA #IMPLIED>
	<!ELEMENT Agradecimiento(Adjetivo,Descripcion, Puntaje)>                    Se crea el nuevo elemento llamado Agradecimiento
	<!ATTLIST Nivel_Satisfaccion CDATA #REQUIRED>								Se genera un nuevo atributo para este llamado Nivel_Satisfaccion
]>
UPDATE TRazon SET Agradecimiento = '<TRazon>
		<Comentarios> 
			<Adjetivo>Bien</Adjetivo>
			<Descripcion>Me gustó el producto</Descripcion>
			<Puntaje>90</Puntaje>
		</Comentarios>
		
		<Sugerencias>
			<Adjetivo>Bueno</Adjetivo>
			<Descripcion>Nada por mejorar</Descripcion>
			<Puntaje>90</Puntaje>
		</Sugerencias>
		
		<Reclamos>
			<Adjetivo>Bueno</Adjetivo>
			<Descripcion>Nada por agregar</Descripcion>
			<Puntaje>90</Puntaje>
		</Reclamos>
		
		<Agradecimiento Nivel_Satisfaccion = '9' >
			<Adjetivo>Bueno</Adjetivo>
			<Descripcion>Todo bien</Descripcion>
			<Puntaje>90</Puntaje>
		</Agradecimiento>
</TRazon>'


Se quiere buscar la descripcion y los bienes que tengan un agradecimiento en una opinion grupal, en la cuál su nivel de satisfacción debe superar los 7 puntos



SELECT bien.codigo, bien.nombre, EXTRACTVALUE(o.razon,'/TRazon[Agradecimiento]/Agradecimiento[@Nivel_Satisfaccion > 7]/Descripcion/text()') FROM opiniongrupal 
    JOIN opinion
    ON opinion.numero = opiniongrupal.numero
    JOIN bien
    ON opinion.codigo_bien = bien.codigo;