/*POBLAR OK*/
/*Poblar proveedor*/
insert into proveedor (codigo, telefono, correo, direccion, ciudad, direccion_postal, años_experiencia) values ('PROV2584', '3148207823', 'cbrearty0@miibeian.gov.cn', '30 Fairview Circle', 'Sterlibashevo', '453187', 0);
insert into proveedor (codigo, telefono, correo, direccion, ciudad, direccion_postal, años_experiencia) values ('PROV5928', '3214742472', 'mtitheridge1@accuweather.com', '12 Everett Parkway', 'Pingtian', null, 15);
insert into proveedor (codigo, telefono, correo, direccion, ciudad, direccion_postal, años_experiencia) values ('PROV9031', '3185936856', 'amccaster2@buzzfeed.com', '079 Summit Crossing', 'Krajenka', '77-430', 37);
insert into proveedor (codigo, telefono, correo, direccion, ciudad, direccion_postal, años_experiencia) values ('PROV8404', '3234415163', 'awheatman3@csmonitor.com', '4638 Waubesa Junction', 'Tsul-Ulaan', null, 37);
insert into proveedor (codigo, telefono, correo, direccion, ciudad, direccion_postal, años_experiencia) values ('PROV6682', '3180256496', 'ddjurdjevic4@wiley.com', '1 Elgar Hill', 'Kornyn', null, 2);
insert into proveedor (codigo, telefono, correo, direccion, ciudad, direccion_postal, años_experiencia) values ('PROV8477', '3222117351', 'nbenettelli5@networksolutions.com', '6377 Clarendon Road', 'Xialaba', null, 24);
insert into proveedor (codigo, telefono, correo, direccion, ciudad, direccion_postal, años_experiencia) values ('PROV1782', '3185731645', 'mloxton6@sun.com', '25 Lakewood Court', 'Tembisa', '1693', 31);
insert into proveedor (codigo, telefono, correo, direccion, ciudad, direccion_postal, años_experiencia) values ('PROV3484', '3189058849', 'lconachy7@chronoengine.com', '97 Orin Street', 'Chemnitz', '09123', 25);
insert into proveedor (codigo, telefono, correo, direccion, ciudad, direccion_postal, años_experiencia) values ('PROV3984', '3199950699', 'stuley8@slashdot.org', '8830 Bluejay Pass', 'Kuliyapitiya', '60200', 13);
insert into proveedor (codigo, telefono, correo, direccion, ciudad, direccion_postal, años_experiencia) values ('PROV8637', '3120204997', 'rmacgilmartin9@xing.com', '6466 Straubel Road', 'Tougan', null, 46);
insert into proveedor (codigo, telefono, correo, direccion, ciudad, direccion_postal, años_experiencia) values ('PROV2043', '3228762375', 'pmeltetala@marriott.com', '0684 Hoepker Junction', 'Greensboro', '27404', 20);
insert into proveedor (codigo, telefono, correo, direccion, ciudad, direccion_postal, años_experiencia) values ('PROV4904', '3203268674', 'lchrismasb@dailymail.co.uk', '2 Ridgeview Road', 'Dashiqiao', null, 33);
insert into proveedor (codigo, telefono, correo, direccion, ciudad, direccion_postal, años_experiencia) values ('PROV3453', '3147040058', 'ghebnerc@google.ca', '4138 Waubesa Crossing', 'Mianhu', null, 44);
insert into proveedor (codigo, telefono, correo, direccion, ciudad, direccion_postal, años_experiencia) values ('PROV1332', '3120007485', 'tsanchesd@japanpost.jp', '53580 Stone Corner Avenue', 'Hongguang', null, 32);
insert into proveedor (codigo, telefono, correo, direccion, ciudad, direccion_postal, años_experiencia) values ('PROV4131', '3172757296', 'agristwoode@loc.gov', '61573 Monterey Street', 'Jetak', null, 24);
insert into proveedor (codigo, telefono, correo, direccion, ciudad, direccion_postal, años_experiencia) values ('PROV5632', '3146481070', 'tsherrardf@usnews.com', '34 Maple Wood Drive', 'Jilin', null, 27);
insert into proveedor (codigo, telefono, correo, direccion, ciudad, direccion_postal, años_experiencia) values ('PROV9373', '3147452351', 'kbarkworthg@huffingtonpost.com', '22 Bayside Point', 'Caminauit', '2921', 39);
insert into proveedor (codigo, telefono, correo, direccion, ciudad, direccion_postal, años_experiencia) values ('PROV1935', '3156143839', 'dwinnisterh@howstuffworks.com', '3098 3rd Lane', 'Rancapeundey', null, 24);
insert into proveedor (codigo, telefono, correo, direccion, ciudad, direccion_postal, años_experiencia) values ('PROV6778', '3205884989', 'kcomollii@ft.com', '710 Sage Hill', 'Sikonge', null, 3);
insert into proveedor (codigo, telefono, correo, direccion, ciudad, direccion_postal, años_experiencia) values ('PROV7401', '3202855420', 'lwatsamj@walmart.com', '51 Beilfuss Crossing', 'Ifo', null, 16);
insert into proveedor (codigo, telefono, correo, direccion, ciudad, direccion_postal, años_experiencia) values ('PROV5520', '3185278426', 'obatchelourk@ning.com', '59 Killdeer Court', 'Saransk', '430910', 32);
insert into proveedor (codigo, telefono, correo, direccion, ciudad, direccion_postal, años_experiencia) values ('PROV4641', '3196240349', 'fbrunsenl@symantec.com', '30342 Cascade Circle', 'Kademangan', null, 48);
insert into proveedor (codigo, telefono, correo, direccion, ciudad, direccion_postal, años_experiencia) values ('PROV2807', '3167692309', 'jolerenshawm@kickstarter.com', '9096 Coleman Lane', 'Chechen-Aul', '366301', 9);
insert into proveedor (codigo, telefono, correo, direccion, ciudad, direccion_postal, años_experiencia) values ('PROV6730', '3177070836', 'rcisselln@blinklist.com', '02132 Pond Lane', 'Sufang', null, 29);
insert into proveedor (codigo, telefono, correo, direccion, ciudad, direccion_postal, años_experiencia) values ('PROV6511', '3213139577', 'jgyeneso@posterous.com', '17989 Hauk Trail', 'Norfolk', '23514', 19);
insert into proveedor (codigo, telefono, correo, direccion, ciudad, direccion_postal, años_experiencia) values ('PROV3808', '3147973623', 'jkleiselp@clickbank.net', '49 Gale Drive', 'Jinshan', null, 22);
insert into proveedor (codigo, telefono, correo, direccion, ciudad, direccion_postal, años_experiencia) values ('PROV3676', '3121695163', 'ddeluceq@phoca.cz', '23335 Northland Place', 'San Roque', '6415', 0);
insert into proveedor (codigo, telefono, correo, direccion, ciudad, direccion_postal, años_experiencia) values ('PROV9270', '3127045070', 'lcroptonr@abc.net.au', '83085 Bashford Pass', 'Primorka', '346870', 43);
insert into proveedor (codigo, telefono, correo, direccion, ciudad, direccion_postal, años_experiencia) values ('PROV1830', '3137034887', 'rwinkworths@unblog.fr', '9343 La Follette Pass', 'Stockholm', '114 49', 34);
insert into proveedor (codigo, telefono, correo, direccion, ciudad, direccion_postal, años_experiencia) values ('PROV9143', '3122941397', 'mvynehallt@booking.com', '0872 Aberg Plaza', 'Buriti Bravo', '65685-000', 6);
insert into proveedor (codigo, telefono, correo, direccion, ciudad, direccion_postal, años_experiencia) values ('PROV6000', '3222339988', 'zsheerinu@ow.ly', '1032 Debra Parkway', 'Jingmao', null, 16);
insert into proveedor (codigo, telefono, correo, direccion, ciudad, direccion_postal, años_experiencia) values ('PROV3839', '3121232195', 'cstjohnv@theatlantic.com', '5370 Clyde Gallagher Terrace', 'Donskoye', '399240', 46);
insert into proveedor (codigo, telefono, correo, direccion, ciudad, direccion_postal, años_experiencia) values ('PROV2595', '3223040277', 'bcuckoow@parallels.com', '62342 Porter Park', 'Hushaat', null, 40);
insert into proveedor (codigo, telefono, correo, direccion, ciudad, direccion_postal, años_experiencia) values ('PROV4795', '3238375759', 'jbroselx@nih.gov', '59091 Morrow Place', 'San Juan de Dios', '10303', 27);
insert into proveedor (codigo, telefono, correo, direccion, ciudad, direccion_postal, años_experiencia) values ('PROV2206', '3139683190', 'scalleryy@shinystat.com', '8226 Eastlawn Road', 'Oslo', '0760', 33);
insert into proveedor (codigo, telefono, correo, direccion, ciudad, direccion_postal, años_experiencia) values ('PROV9483', '3175875550', 'rsmitheramz@geocities.com', '10727 Lerdahl Parkway', 'Beiwucha', null, 2);
insert into proveedor (codigo, telefono, correo, direccion, ciudad, direccion_postal, años_experiencia) values ('PROV9800', '3175543469', 'cstainson10@imdb.com', '530 Maywood Place', 'Mogapinyana', null, 42);
insert into proveedor (codigo, telefono, correo, direccion, ciudad, direccion_postal, años_experiencia) values ('PROV4405', '3141874918', 'amougenel11@cmu.edu', '5 Nancy Pass', 'Tangdukou', null, 10);
insert into proveedor (codigo, telefono, correo, direccion, ciudad, direccion_postal, años_experiencia) values ('PROV5872', '3127560242', 'cchristopherson12@com.com', '41 Old Gate Way', 'Afogados da Ingazeira', '56800-000', 42);
insert into proveedor (codigo, telefono, correo, direccion, ciudad, direccion_postal, años_experiencia) values ('PROV7597', '3201477713', 'cwhittlesea13@sciencedaily.com', '67 Shopko Way', 'Xiaoling', null, 45);
insert into proveedor (codigo, telefono, correo, direccion, ciudad, direccion_postal, años_experiencia) values ('PROV1412', '3201548547', 'jfurniss14@instagram.com', '212 Dakota Crossing', 'Walce', '47-344', 36);
insert into proveedor (codigo, telefono, correo, direccion, ciudad, direccion_postal, años_experiencia) values ('PROV6064', '3138996902', 'rwollacott15@xing.com', '4747 Lerdahl Hill', 'Odrinhas', '2705-707', 10);
insert into proveedor (codigo, telefono, correo, direccion, ciudad, direccion_postal, años_experiencia) values ('PROV2752', '3154804122', 'mretter16@lycos.com', '64 Express Trail', 'Ivanava', null, 6);
insert into proveedor (codigo, telefono, correo, direccion, ciudad, direccion_postal, años_experiencia) values ('PROV8712', '3178077324', 'nclemonts17@sfgate.com', '968 Buell Pass', 'Ciawi', null, 47);
insert into proveedor (codigo, telefono, correo, direccion, ciudad, direccion_postal, años_experiencia) values ('PROV7234', '3178656013', 'amcveigh18@sina.com.cn', '11083 Utah Road', 'Hofors', '813 91', 15);
insert into proveedor (codigo, telefono, correo, direccion, ciudad, direccion_postal, años_experiencia) values ('PROV8571', '3131702547', 'rpocklington19@amazon.com', '7662 Magdeline Alley', 'Lianhe', null, 48);
insert into proveedor (codigo, telefono, correo, direccion, ciudad, direccion_postal, años_experiencia) values ('PROV8332', '3129806143', 'dvidineev1a@is.gd', '48 Amoth Circle', 'Phoenix', '85072', 4);
insert into proveedor (codigo, telefono, correo, direccion, ciudad, direccion_postal, años_experiencia) values ('PROV4864', '3212058489', 'lmiddis1b@xrea.com', '55 Merrick Parkway', 'Huilongshan', null, 33);
insert into proveedor (codigo, telefono, correo, direccion, ciudad, direccion_postal, años_experiencia) values ('PROV9571', '3161509221', 'blorek1c@list-manage.com', '9599 Corry Place', 'Palmdale', '93591', 36);
insert into proveedor (codigo, telefono, correo, direccion, ciudad, direccion_postal, años_experiencia) values ('PROV2481', '3134344365', 'bpoundford1d@marriott.com', '545 Meadow Valley Terrace', 'Tegalheras', null, 7);


/*poblar persona natural*/
insert into persona_natural (nombre, primer_apellido, segundo_apellido, cedula, codigo) values ('Adelbert', 'Searle', 'O''Hartagan', '5719173117', 'PROV8482');
insert into persona_natural (nombre, primer_apellido, segundo_apellido, cedula, codigo) values ('Ophelia', 'Longstreet', 'Bissatt', '3690342078', 'PROV2554');
insert into persona_natural (nombre, primer_apellido, segundo_apellido, cedula, codigo) values ('Broderick', 'Tomaschke', 'Babinski', '5279866489', 'PROV6784');
insert into persona_natural (nombre, primer_apellido, segundo_apellido, cedula, codigo) values ('Dante', 'Tours', 'Janacek', '1756818760', 'PROV2999');
insert into persona_natural (nombre, primer_apellido, segundo_apellido, cedula, codigo) values ('Emmott', 'Woodlands', 'Francom', '5633934555', 'PROV9271');
insert into persona_natural (nombre, primer_apellido, segundo_apellido, cedula, codigo) values ('Gates', 'Winspear', 'Dixey', '5160233470', 'PROV7463');
insert into persona_natural (nombre, primer_apellido, segundo_apellido, cedula, codigo) values ('Ruthanne', 'Gardener', 'Sharer', '2567882255', 'PROV5276');
insert into persona_natural (nombre, primer_apellido, segundo_apellido, cedula, codigo) values ('Sindee', 'Tuiller', 'Slater', '2509125135', 'PROV8540');
insert into persona_natural (nombre, primer_apellido, segundo_apellido, cedula, codigo) values ('Kayne', 'Acheson', 'Feathersby', '2457719846', 'PROV4771');
insert into persona_natural (nombre, primer_apellido, segundo_apellido, cedula, codigo) values ('Rhiamon', 'Royan', 'Mucklow', '5461288909', 'PROV1856');
insert into persona_natural (nombre, primer_apellido, segundo_apellido, cedula, codigo) values ('Farah', 'Crate', 'Gilhouley', '4729068276', 'PROV4934');
insert into persona_natural (nombre, primer_apellido, segundo_apellido, cedula, codigo) values ('Pearline', 'Minall', 'Engeham', '2450092566', 'PROV3582');
insert into persona_natural (nombre, primer_apellido, segundo_apellido, cedula, codigo) values ('Franny', 'Dalgarnowch', 'Beamson', '4214175437', 'PROV6264');
insert into persona_natural (nombre, primer_apellido, segundo_apellido, cedula, codigo) values ('Lorraine', 'Jeffreys', 'Fearn', '1054640383', 'PROV8308');
insert into persona_natural (nombre, primer_apellido, segundo_apellido, cedula, codigo) values ('Izaak', 'Kinver', 'Capey', '4639010870', 'PROV5405');
insert into persona_natural (nombre, primer_apellido, segundo_apellido, cedula, codigo) values ('Tim', 'Van der Krui', 'Chesterman', '2774599755', 'PROV9229');
insert into persona_natural (nombre, primer_apellido, segundo_apellido, cedula, codigo) values ('Alvinia', 'Debell', 'Trencher', '5658519020', 'PROV6950');
insert into persona_natural (nombre, primer_apellido, segundo_apellido, cedula, codigo) values ('Corabella', 'Storr', 'Pohling', '1801078332', 'PROV9461');
insert into persona_natural (nombre, primer_apellido, segundo_apellido, cedula, codigo) values ('Augustine', 'Grimsdyke', 'Enefer', '5185947314', 'PROV3376');
insert into persona_natural (nombre, primer_apellido, segundo_apellido, cedula, codigo) values ('Celestina', 'Vannucci', 'Wibrew', '3593320267', 'PROV9063');
insert into persona_natural (nombre, primer_apellido, segundo_apellido, cedula, codigo) values ('Rod', 'Hazelby', 'Larrie', '5161749170', 'PROV1966');
insert into persona_natural (nombre, primer_apellido, segundo_apellido, cedula, codigo) values ('Koren', 'Saltsberger', 'Chilley', '4764880431', 'PROV5415');
insert into persona_natural (nombre, primer_apellido, segundo_apellido, cedula, codigo) values ('Quinta', 'Sanchez', 'Furness', '1111005661', 'PROV5877');
insert into persona_natural (nombre, primer_apellido, segundo_apellido, cedula, codigo) values ('Vick', 'Castri', 'Greenleaf', '5382004658', 'PROV4291');
insert into persona_natural (nombre, primer_apellido, segundo_apellido, cedula, codigo) values ('Keslie', 'Ivison', 'Jonk', '1765806892', 'PROV4516');
insert into persona_natural (nombre, primer_apellido, segundo_apellido, cedula, codigo) values ('Almira', 'Iglesias', 'Gobat', '5452127891', 'PROV1257');
insert into persona_natural (nombre, primer_apellido, segundo_apellido, cedula, codigo) values ('Noemi', 'Bayne', 'Matyas', '4217716339', 'PROV9371');
insert into persona_natural (nombre, primer_apellido, segundo_apellido, cedula, codigo) values ('Marlon', 'Inston', 'Coulling', '2912158368', 'PROV5648');
insert into persona_natural (nombre, primer_apellido, segundo_apellido, cedula, codigo) values ('Celestina', 'Wedgwood', 'Marler', '5303462909', 'PROV4888');
insert into persona_natural (nombre, primer_apellido, segundo_apellido, cedula, codigo) values ('Jacklyn', 'Thumann', 'Zahor', '4854149179', 'PROV3023');
insert into persona_natural (nombre, primer_apellido, segundo_apellido, cedula, codigo) values ('Glynis', 'Cocksedge', 'Heugel', '2881745317', 'PROV3529');
insert into persona_natural (nombre, primer_apellido, segundo_apellido, cedula, codigo) values ('Sorcha', 'MacArte', 'Tremblay', '4780241367', 'PROV2008');
insert into persona_natural (nombre, primer_apellido, segundo_apellido, cedula, codigo) values ('Merwyn', 'Efford', 'Padginton', '5461993266', 'PROV5536');
insert into persona_natural (nombre, primer_apellido, segundo_apellido, cedula, codigo) values ('Piotr', 'Catherall', 'Bracegirdle', '3395872159', 'PROV8384');
insert into persona_natural (nombre, primer_apellido, segundo_apellido, cedula, codigo) values ('Sanders', 'Casillis', 'Ygoe', '2667486116', 'PROV9901');
insert into persona_natural (nombre, primer_apellido, segundo_apellido, cedula, codigo) values ('Berna', 'Lorrain', 'Di Nisco', '1952342428', 'PROV7564');
insert into persona_natural (nombre, primer_apellido, segundo_apellido, cedula, codigo) values ('Sydel', 'O''Fergus', 'L''Amie', '4760461562', 'PROV1982');
insert into persona_natural (nombre, primer_apellido, segundo_apellido, cedula, codigo) values ('Ignacius', 'Caddick', 'Plumptre', '5334157754', 'PROV7562');
insert into persona_natural (nombre, primer_apellido, segundo_apellido, cedula, codigo) values ('Daphne', 'Falco', 'Prosser', '3685047664', 'PROV8983');
insert into persona_natural (nombre, primer_apellido, segundo_apellido, cedula, codigo) values ('Denis', 'Kamienski', 'Dodshon', '2927388048', 'PROV5001');
insert into persona_natural (nombre, primer_apellido, segundo_apellido, cedula, codigo) values ('Humfried', 'Phorsby', 'Goldfinch', '2195993465', 'PROV9099');
insert into persona_natural (nombre, primer_apellido, segundo_apellido, cedula, codigo) values ('Ginny', 'Hugo', 'Stubbes', '5118652985', 'PROV1176');
insert into persona_natural (nombre, primer_apellido, segundo_apellido, cedula, codigo) values ('Eward', 'Laughnan', 'Radborne', '3092502009', 'PROV8801');
insert into persona_natural (nombre, primer_apellido, segundo_apellido, cedula, codigo) values ('Ara', 'Cutten', 'Clayworth', '3454167102', 'PROV6845');
insert into persona_natural (nombre, primer_apellido, segundo_apellido, cedula, codigo) values ('Ogdon', 'Shieldon', 'Iglesiaz', '2857191918', 'PROV3200');
insert into persona_natural (nombre, primer_apellido, segundo_apellido, cedula, codigo) values ('Josy', 'Cripwell', 'Marrington', '4025631220', 'PROV9046');
insert into persona_natural (nombre, primer_apellido, segundo_apellido, cedula, codigo) values ('Roldan', 'Marland', 'Echalie', '4497419637', 'PROV9081');
insert into persona_natural (nombre, primer_apellido, segundo_apellido, cedula, codigo) values ('Joshua', 'Stubbes', 'Fairn', '2938867403', 'PROV8739');
insert into persona_natural (nombre, primer_apellido, segundo_apellido, cedula, codigo) values ('Marietta', 'Gumley', 'Bodocs', '2533544644', 'PROV3264');
insert into persona_natural (nombre, primer_apellido, segundo_apellido, cedula, codigo) values ('Marjie', 'Sutliff', 'Geeraert', '5692431215', 'PROV1413');




/*POBLAR EMPRESA*/
insert into empresa (nombre, nit, codigo) values ('Schmeler, Purdy and Gleichner', '9176515036', 'PROV4306');
insert into empresa (nombre, nit, codigo) values ('Goyette Group', '2825280110', 'PROV8854');
insert into empresa (nombre, nit, codigo) values ('Marks-Kilback', '7427453394', 'PROV4177');
insert into empresa (nombre, nit, codigo) values ('Hickle and Sons', '8154448949', 'PROV2619');
insert into empresa (nombre, nit, codigo) values ('Gusikowski, Mertz and Brekke', '3103034843', 'PROV5974');
insert into empresa (nombre, nit, codigo) values ('Huels-Padberg', '8832369512', 'PROV1294');
insert into empresa (nombre, nit, codigo) values ('Robel, Berge and Roberts', '6233103317', 'PROV3985');
insert into empresa (nombre, nit, codigo) values ('Ratke-Eichmann', '5789201851', 'PROV5006');
insert into empresa (nombre, nit, codigo) values ('Stokes, Grady and Gutkowski', '5611983656', 'PROV6548');
insert into empresa (nombre, nit, codigo) values ('Hartmann and Sons', '7557165880', 'PROV3155');
insert into empresa (nombre, nit, codigo) values ('Ziemann LLC', '1935372129', 'PROV9125');
insert into empresa (nombre, nit, codigo) values ('Weber-Turner', '7078647634', 'PROV2505');
insert into empresa (nombre, nit, codigo) values ('Hayes, Turcotte and OHara', '2219380631', 'PROV7370');
insert into empresa (nombre, nit, codigo) values ('Feeney-Abbott', '4104933599', 'PROV6387');
insert into empresa (nombre, nit, codigo) values ('Johnson and Sons', '2841486631', 'PROV1219');
insert into empresa (nombre, nit, codigo) values ('Barrows, Leffler and OHara', '8290050053', 'PROV2288');
insert into empresa (nombre, nit, codigo) values ('Lynch, Larkin and Aufderhar', '3817294676', 'PROV8673');
insert into empresa (nombre, nit, codigo) values ('Waelchi Inc', '8493957837', 'PROV2908');
insert into empresa (nombre, nit, codigo) values ('Rogahn, Bosco and Wisozk', '7824899488', 'PROV6819');
insert into empresa (nombre, nit, codigo) values ('Kunde and Sons', '6370386829', 'PROV5351');
insert into empresa (nombre, nit, codigo) values ('Stark, Berge and Hoeger', '9031604449', 'PROV3029');
insert into empresa (nombre, nit, codigo) values ('Jaskolski and Sons', '2022868970', 'PROV5845');
insert into empresa (nombre, nit, codigo) values ('Tromp-Bayer', '4025638546', 'PROV4022');
insert into empresa (nombre, nit, codigo) values ('Brown Inc', '2297351792', 'PROV8408');
insert into empresa (nombre, nit, codigo) values ('Wisozk, Mohr and Dietrich', '3317021349', 'PROV1447');
insert into empresa (nombre, nit, codigo) values ('Ledner and Sons', '4351582710', 'PROV4389');
insert into empresa (nombre, nit, codigo) values ('Koepp, O''Hara and Grimes', '5227374898', 'PROV7705');
insert into empresa (nombre, nit, codigo) values ('Willms Group', '2680198336', 'PROV9723');
insert into empresa (nombre, nit, codigo) values ('Bauch LLC', '5300368784', 'PROV6821');
insert into empresa (nombre, nit, codigo) values ('Torp and Sons', '8375151011', 'PROV6967');
insert into empresa (nombre, nit, codigo) values ('Crooks, Yundt and Mills', '4171207062', 'PROV1723');
insert into empresa (nombre, nit, codigo) values ('Hudson LLC', '9476238424', 'PROV7379');
insert into empresa (nombre, nit, codigo) values ('Kulas-Kreiger', '3746333942', 'PROV1118');
insert into empresa (nombre, nit, codigo) values ('Jones and Sons', '8431656686', 'PROV3666');
insert into empresa (nombre, nit, codigo) values ('Kovacek LLC', '6088138979', 'PROV3811');
insert into empresa (nombre, nit, codigo) values ('Fay-Kreiger', '3054779879', 'PROV9280');
insert into empresa (nombre, nit, codigo) values ('Adams, Wilderman and Conn', '4563244803', 'PROV5528');
insert into empresa (nombre, nit, codigo) values ('D''Amore, Schamberger and Osinski', '7587005103', 'PROV7923');
insert into empresa (nombre, nit, codigo) values ('Boyle Inc', '1872125338', 'PROV8876');
insert into empresa (nombre, nit, codigo) values ('Corwin, Bartell and Lubowitz', '6914150096', 'PROV3782');
insert into empresa (nombre, nit, codigo) values ('Conn Group', '7865453625', 'PROV3564');
insert into empresa (nombre, nit, codigo) values ('Hartmann-Blanda', '4886334814', 'PROV2059');
insert into empresa (nombre, nit, codigo) values ('Schaden-Towne', '1418091105', 'PROV4093');
insert into empresa (nombre, nit, codigo) values ('Mraz, Thompson and Parisian', '6892113652', 'PROV2810');
insert into empresa (nombre, nit, codigo) values ('Willms-Pacocha', '5230171036', 'PROV3673');
insert into empresa (nombre, nit, codigo) values ('Olson-Watsica', '7373747400', 'PROV2046');
insert into empresa (nombre, nit, codigo) values ('Rohan, Koepp and Klocko', '8239029005', 'PROV5923');
insert into empresa (nombre, nit, codigo) values ('Rau Group', '2867183477', 'PROV9395');
insert into empresa (nombre, nit, codigo) values ('Reilly, Beer and Gibson', '2677885030', 'PROV9223');
insert into empresa (nombre, nit, codigo) values ('Hodkiewicz-Hettinger', '4466740851', 'PROV3033');

/*poblar provee*/
insert into provee (codigo_proveedor, nombre_bodega) values ('PROV4938', 'Bodega Chichimene 1');
insert into provee (codigo_proveedor, nombre_bodega) values ('PROV8167', 'Bodega Chichimene 1');
insert into provee (codigo_proveedor, nombre_bodega) values ('PROV5860', 'Bodega Central');
insert into provee (codigo_proveedor, nombre_bodega) values ('PROV3830', 'Bodega Central');
insert into provee (codigo_proveedor, nombre_bodega) values ('PROV3851', 'Bodega San Martin');
insert into provee (codigo_proveedor, nombre_bodega) values ('PROV2721', 'Bodega La Esperanza');
insert into provee (codigo_proveedor, nombre_bodega) values ('PROV2994', 'Bodega San Juan 3');
insert into provee (codigo_proveedor, nombre_bodega) values ('PROV9474', 'Bodega Chichimene 1');
insert into provee (codigo_proveedor, nombre_bodega) values ('PROV3501', 'Bodega San Juan 3');
insert into provee (codigo_proveedor, nombre_bodega) values ('PROV3821', 'Bodega Chichimene 1');
insert into provee (codigo_proveedor, nombre_bodega) values ('PROV4935', 'Bodega San Martin');
insert into provee (codigo_proveedor, nombre_bodega) values ('PROV4504', 'Bodega Chichimene 1');
insert into provee (codigo_proveedor, nombre_bodega) values ('PROV5317', 'Bodega Central');
insert into provee (codigo_proveedor, nombre_bodega) values ('PROV7912', 'Bodega Chichimene 1');
insert into provee (codigo_proveedor, nombre_bodega) values ('PROV6907', 'Bodega Chichimene 1');
insert into provee (codigo_proveedor, nombre_bodega) values ('PROV1516', 'Bodega Chichimene 1');
insert into provee (codigo_proveedor, nombre_bodega) values ('PROV6465', 'Bodega San Juan 3');
insert into provee (codigo_proveedor, nombre_bodega) values ('PROV9554', 'Bodega Chichimene 1');
insert into provee (codigo_proveedor, nombre_bodega) values ('PROV3109', 'Bodega San Juan 3');
insert into provee (codigo_proveedor, nombre_bodega) values ('PROV8533', 'Bodega Central');
insert into provee (codigo_proveedor, nombre_bodega) values ('PROV6911', 'Bodega Chichimene 1');
insert into provee (codigo_proveedor, nombre_bodega) values ('PROV6082', 'Bodega San Juan 3');
insert into provee (codigo_proveedor, nombre_bodega) values ('PROV9347', 'Bodega Chichimene 1');
insert into provee (codigo_proveedor, nombre_bodega) values ('PROV9903', 'Bodega San Juan 3');
insert into provee (codigo_proveedor, nombre_bodega) values ('PROV6617', 'Bodega San Martin');
insert into provee (codigo_proveedor, nombre_bodega) values ('PROV2793', 'Bodega San Juan 3');
insert into provee (codigo_proveedor, nombre_bodega) values ('PROV2888', 'Bodega Chichimene 1');
insert into provee (codigo_proveedor, nombre_bodega) values ('PROV4482', 'Bodega Chichimene 1');
insert into provee (codigo_proveedor, nombre_bodega) values ('PROV8295', 'Bodega La Esperanza');
insert into provee (codigo_proveedor, nombre_bodega) values ('PROV3123', 'Bodega San Juan 3');
insert into provee (codigo_proveedor, nombre_bodega) values ('PROV7054', 'Bodega Central');
insert into provee (codigo_proveedor, nombre_bodega) values ('PROV5646', 'Bodega San Martin');
insert into provee (codigo_proveedor, nombre_bodega) values ('PROV2024', 'Bodega Central');
insert into provee (codigo_proveedor, nombre_bodega) values ('PROV6711', 'Bodega San Juan 3');
insert into provee (codigo_proveedor, nombre_bodega) values ('PROV3999', 'Bodega La Esperanza');
insert into provee (codigo_proveedor, nombre_bodega) values ('PROV8318', 'Bodega La Esperanza');
insert into provee (codigo_proveedor, nombre_bodega) values ('PROV2796', 'Bodega Central');
insert into provee (codigo_proveedor, nombre_bodega) values ('PROV2764', 'Bodega La Esperanza');
insert into provee (codigo_proveedor, nombre_bodega) values ('PROV8372', 'Bodega San Juan 3');
insert into provee (codigo_proveedor, nombre_bodega) values ('PROV7545', 'Bodega San Martin');
insert into provee (codigo_proveedor, nombre_bodega) values ('PROV1329', 'Bodega San Juan 3');
insert into provee (codigo_proveedor, nombre_bodega) values ('PROV7221', 'Bodega San Juan 3');
insert into provee (codigo_proveedor, nombre_bodega) values ('PROV5543', 'Bodega San Martin');
insert into provee (codigo_proveedor, nombre_bodega) values ('PROV9644', 'Bodega La Esperanza');
insert into provee (codigo_proveedor, nombre_bodega) values ('PROV8580', 'Bodega Central');
insert into provee (codigo_proveedor, nombre_bodega) values ('PROV4361', 'Bodega San Juan 3');
insert into provee (codigo_proveedor, nombre_bodega) values ('PROV9249', 'Bodega Chichimene 1');
insert into provee (codigo_proveedor, nombre_bodega) values ('PROV3472', 'Bodega Chichimene 1');
insert into provee (codigo_proveedor, nombre_bodega) values ('PROV7582', 'Bodega San Juan 3');
insert into provee (codigo_proveedor, nombre_bodega) values ('PROV5941', 'Bodega San Juan 3');


/*poblar bodega*/
insert into bodega (nombre_bodega, municipio, departamento) values ('Bodega San Martin', 'Acacias', 'Meta');
insert into bodega (nombre_bodega, municipio, departamento) values ('Bodega La Esperanza', 'Villavicencio', 'Meta');
insert into bodega (nombre_bodega, municipio, departamento) values ('Bodega Chichimene 1', 'Acacias', 'Meta');
insert into bodega (nombre_bodega, municipio, departamento) values ('Bodega San Juan 3', 'Villavicencio', 'Meta');
insert into bodega (nombre_bodega, municipio, departamento) values ('Bodega Central', 'Villavicencio', 'Meta');

/*poblar inventario*/
    insert into inventario (bodega_residencia,  id_inventarios, disponibilidad) values ('Bodega San Martin',  'SAM946', 6);
    insert into inventario (bodega_residencia,  id_inventarios, disponibilidad) values ('Bodega La Esperanza',  'ESP125', 76);
    insert into inventario (bodega_residencia,  id_inventarios, disponibilidad) values ('Bodega Chichimene 1',  'CHI984', 89);
    insert into inventario (bodega_residencia,  id_inventarios, disponibilidad) values ('Bodega San Juan 3',  'JUA362', 23);
    insert into inventario (bodega_residencia,  id_inventarios, disponibilidad) values ('Bodega Central',  'CEN337', 58);
    insert into inventario (bodega_residencia,  id_inventarios, disponibilidad) values ('Bodega San Martin',  'SAM465', 55);
    insert into inventario (bodega_residencia,  id_inventarios, disponibilidad) values ('Bodega La Esperanza',  'ESP489', 12);
    insert into inventario (bodega_residencia,  id_inventarios, disponibilidad) values ('Bodega Chichimene 1',  'CHI513', 22);
    insert into inventario (bodega_residencia,  id_inventarios, disponibilidad) values ('Bodega San Juan 3',  'JUA293', 65);
    insert into inventario (bodega_residencia,  id_inventarios, disponibilidad) values ('Bodega Central',  'CEN215', 22);
    insert into inventario (bodega_residencia,  id_inventarios, disponibilidad) values ('Bodega San Martin',  'SAM596', 96);
    insert into inventario (bodega_residencia,  id_inventarios, disponibilidad) values ('Bodega La Esperanza',  'ESP376', 20);
    insert into inventario (bodega_residencia,  id_inventarios, disponibilidad) values ('Bodega Chichimene 1',  'CHI481', 10);
    insert into inventario (bodega_residencia,  id_inventarios, disponibilidad) values ('Bodega San Juan 3',  'JUA924', 22);
    insert into inventario (bodega_residencia,  id_inventarios, disponibilidad) values ('Bodega Central',  'CEN862', 22);
    insert into inventario (bodega_residencia,  id_inventarios, disponibilidad) values ('Bodega San Martin',  'SAM882', 22);
    insert into inventario (bodega_residencia,  id_inventarios, disponibilidad) values ('Bodega La Esperanza',  'ESP166', 25);
    insert into inventario (bodega_residencia,  id_inventarios, disponibilidad) values ('Bodega Chichimene 1',  'CHI720', 22);
    insert into inventario (bodega_residencia,  id_inventarios, disponibilidad) values ('Bodega San Juan 3',  'JUA528', 22);
    insert into inventario (bodega_residencia,  id_inventarios, disponibilidad) values ('Bodega Central',  'CEN258', 25);
    insert into inventario (bodega_residencia,  id_inventarios, disponibilidad) values ('Bodega San Martin',  'SAM228', 25);
    insert into inventario (bodega_residencia,  id_inventarios, disponibilidad) values ('Bodega La Esperanza',  'ESP826', 58);
    insert into inventario (bodega_residencia,  id_inventarios, disponibilidad) values ('Bodega Chichimene 1',  'CHI332', 69);
    insert into inventario (bodega_residencia,  id_inventarios, disponibilidad) values ('Bodega San Juan 3',  'JUA416', 36);
    insert into inventario (bodega_residencia,  id_inventarios, disponibilidad) values ('Bodega Central',  'CEN487', 33);
    insert into inventario (bodega_residencia,  id_inventarios, disponibilidad) values ('Bodega San Martin',  'SAM415', 33);
    insert into inventario (bodega_residencia,  id_inventarios, disponibilidad) values ('Bodega La Esperanza',  'ESP814', 3);
    insert into inventario (bodega_residencia,  id_inventarios, disponibilidad) values ('Bodega Chichimene 1',  'CHI236', 25);
    insert into inventario (bodega_residencia,  id_inventarios, disponibilidad) values ('Bodega San Juan 3',  'JUA201', 25);
    insert into inventario (bodega_residencia,  id_inventarios, disponibilidad) values ('Bodega Central', 'CEN765', 25);
    insert into inventario (bodega_residencia,  id_inventarios, disponibilidad) values ('Bodega San Martin',  'SAM868', 25);
    insert into inventario (bodega_residencia,  id_inventarios, disponibilidad) values ('Bodega La Esperanza',  'ESP592', 25);
    insert into inventario (bodega_residencia,  id_inventarios, disponibilidad) values ('Bodega Chichimene 1',  'CHI131', 25);
    insert into inventario (bodega_residencia,  id_inventarios, disponibilidad) values ('Bodega San Juan 3',  'JUA242', 25);
    insert into inventario (bodega_residencia,  id_inventarios, disponibilidad) values ('Bodega Central',  'CEN634', 25);
    insert into inventario (bodega_residencia,  id_inventarios, disponibilidad) values ('Bodega San Martin',  'SAM810', 25);
    insert into inventario (bodega_residencia,  id_inventarios, disponibilidad) values ('Bodega La Esperanza',  'ESP399', 25);
    insert into inventario (bodega_residencia,  id_inventarios, disponibilidad) values ('Bodega Chichimene 1',  'CHI104', 25);
    insert into inventario (bodega_residencia,  id_inventarios, disponibilidad) values ('Bodega San Juan 3',  'JUA504', 25);
    insert into inventario (bodega_residencia,  id_inventarios, disponibilidad) values ('Bodega Central',  'CEN422', 25);
    insert into inventario (bodega_residencia,  id_inventarios, disponibilidad) values ('Bodega San Martin',  'SAM854', 25);
    insert into inventario (bodega_residencia,  id_inventarios, disponibilidad) values ('Bodega La Esperanza',  'ESP637', 25);
    insert into inventario (bodega_residencia,  id_inventarios, disponibilidad) values ('Bodega Chichimene 1',  'CHI430', 25);
    insert into inventario (bodega_residencia,  id_inventarios, disponibilidad) values ('Bodega San Juan 3',  'JUA360', 25);
    insert into inventario (bodega_residencia,  id_inventarios, disponibilidad) values ('Bodega Central', 'CEN248', 30);
    insert into inventario (bodega_residencia,  id_inventarios, disponibilidad) values ('Bodega San Martin',  'SAM155', 0);
    insert into inventario (bodega_residencia,  id_inventarios, disponibilidad) values ('Bodega La Esperanza',  'ESP298', 0);
    insert into inventario (bodega_residencia,  id_inventarios, disponibilidad) values ('Bodega Chichimene 1',  'CHI979', 0);
    insert into inventario (bodega_residencia,  id_inventarios, disponibilidad) values ('Bodega San Juan 3', 'JUA913', 0);
    insert into inventario (bodega_residencia,  id_inventarios, disponibilidad) values ('Bodega Central', 'CEN628', 0);

/*poblar revisa*/
insert into revisa (id_empleado, id_inventario) values ('0006293', 'CEN628');
insert into revisa (id_empleado, id_inventario) values ('0004906', 'JUA913');
insert into revisa (id_empleado, id_inventario) values ('0002182', 'CHI979');
insert into revisa (id_empleado, id_inventario) values ('0009154', 'ESP298');
insert into revisa (id_empleado, id_inventario) values ('0007500', 'SAM155');
insert into revisa (id_empleado, id_inventario) values ('0007731', 'CEN248');
insert into revisa (id_empleado, id_inventario) values ('0006893', 'JUA360');
insert into revisa (id_empleado, id_inventario) values ('0001860', 'CHI430');
insert into revisa (id_empleado, id_inventario) values ('0005180', 'ESP637');
insert into revisa (id_empleado, id_inventario) values ('0001854', 'SAM854');
insert into revisa (id_empleado, id_inventario) values ('0005376', 'CEN422');
insert into revisa (id_empleado, id_inventario) values ('0009289', 'JUA504');
insert into revisa (id_empleado, id_inventario) values ('0005279', 'JUA905');
insert into revisa (id_empleado, id_inventario) values ('0004786', 'CEN987');
insert into revisa (id_empleado, id_inventario) values ('0002369', 'CHI456');
insert into revisa (id_empleado, id_inventario) values ('0003554', 'ESP322');
insert into revisa (id_empleado, id_inventario) values ('0005132', 'SAM523');
insert into revisa (id_empleado, id_inventario) values ('0001304', 'CHI951');
insert into revisa (id_empleado, id_inventario) values ('0002303', 'CEN615');
insert into revisa (id_empleado, id_inventario) values ('0002500', 'JUA639');

/*poblar empleado*/            
insert into empleado (nombre, apellido, id, cargo, correo, numero_telefonico, departamento_trabajo, cedula) values ('Javier', 'Hounson', 'E000453', 'TECNICO ERA 2', 'jhounson0@icio.us', '7971744868', '<Tdepartamento>     <Nombre>Pozos petroleros</Nombre>     <Jefe_dpto>E0009856</Jefe_dpto>     <Jefe_ingeniero>E0003255</Jefe_ingeniero>     <Jefe_tecnicos>E0009154</Jefe_tecnicos> </Tdepartamento>', 8520948363);
insert into empleado (nombre, apellido, id, cargo, correo, numero_telefonico, departamento_trabajo, cedula) values ('Pren', 'Kaygill', 'E000697', 'TECNICO ERA 2', 'pkaygill1@list-manage.com', '8714315992', '<Tdepartamento>     <Nombre>Pozos petroleros</Nombre>     <Jefe_dpto>E0009856</Jefe_dpto>     <Jefe_ingeniero>E0003255</Jefe_ingeniero>     <Jefe_tecnicos>E0009154</Jefe_tecnicos> </Tdepartamento>', 9416324993);
insert into empleado (nombre, apellido, id, cargo, correo, numero_telefonico, departamento_trabajo, cedula) values ('Wash', 'Ibert', 'E000225', 'TECNICO ERA 2', 'wibert2@hp.com', '5522448323', '<Tdepartamento>     <Nombre>Pozos petroleros</Nombre>     <Jefe_dpto>E0009856</Jefe_dpto>     <Jefe_ingeniero>E0003255</Jefe_ingeniero>     <Jefe_tecnicos>E0009154</Jefe_tecnicos> </Tdepartamento>', 4825259922);
insert into empleado (nombre, apellido, id, cargo, correo, numero_telefonico, departamento_trabajo, cedula) values ('Matthaeus', 'Curgenuer', 'E000223', 'TECNICO ERA 2', 'mcurgenuer3@miitbeian.gov.cn', '6179523140', '<Tdepartamento>     <Nombre>Pozos petroleros</Nombre>     <Jefe_dpto>E0009856</Jefe_dpto>     <Jefe_ingeniero>E0003255</Jefe_ingeniero>     <Jefe_tecnicos>E0009154</Jefe_tecnicos> </Tdepartamento>', 7491780339);
insert into empleado (nombre, apellido, id, cargo, correo, numero_telefonico, departamento_trabajo, cedula) values ('Annora', 'Penzer', 'E000851', 'TECNICO ERA 2', 'apenzer4@nsw.gov.au', '3881579945', '<Tdepartamento>     <Nombre>Pozos petroleros</Nombre>     <Jefe_dpto>E0009856</Jefe_dpto>     <Jefe_ingeniero>E0003255</Jefe_ingeniero>     <Jefe_tecnicos>E0009154</Jefe_tecnicos> </Tdepartamento>', 6639280457);
insert into empleado (nombre, apellido, id, cargo, correo, numero_telefonico, departamento_trabajo, cedula) values ('Jaquith', 'Trood', 'E000517', 'TECNICO ERA 2', 'jtrood5@loc.gov', '7134048421', '<Tdepartamento>     <Nombre>Pozos petroleros</Nombre>     <Jefe_dpto>E0009856</Jefe_dpto>     <Jefe_ingeniero>E0003255</Jefe_ingeniero>     <Jefe_tecnicos>E0009154</Jefe_tecnicos> </Tdepartamento>', 5294876117);
insert into empleado (nombre, apellido, id, cargo, correo, numero_telefonico, departamento_trabajo, cedula) values ('Tomas', 'Rosencrantz', 'E000489', 'TECNICO ERA 2', 'trosencrantz6@mapy.cz', '7163440599', '<Tdepartamento>     <Nombre>Pozos petroleros</Nombre>     <Jefe_dpto>E0009856</Jefe_dpto>     <Jefe_ingeniero>E0003255</Jefe_ingeniero>     <Jefe_tecnicos>E0009154</Jefe_tecnicos> </Tdepartamento>', 8697724106);
insert into empleado (nombre, apellido, id, cargo, correo, numero_telefonico, departamento_trabajo, cedula) values ('Drucill', 'Berggren', 'E000340', 'TECNICO ERA 2', 'dberggren7@devhub.com', '2442186584', '<Tdepartamento>     <Nombre>Pozos petroleros</Nombre>     <Jefe_dpto>E0009856</Jefe_dpto>     <Jefe_ingeniero>E0003255</Jefe_ingeniero>     <Jefe_tecnicos>E0009154</Jefe_tecnicos> </Tdepartamento>', 4857180338);
insert into empleado (nombre, apellido, id, cargo, correo, numero_telefonico, departamento_trabajo, cedula) values ('Ania', 'Rutgers', 'E000222', 'TECNICO ERA 2', 'arutgers8@merriam-webster.com', '3792880160', '<Tdepartamento>     <Nombre>Pozos petroleros</Nombre>     <Jefe_dpto>E0009856</Jefe_dpto>     <Jefe_ingeniero>E0003255</Jefe_ingeniero>     <Jefe_tecnicos>E0009154</Jefe_tecnicos> </Tdepartamento>', 8859102850);
insert into empleado (nombre, apellido, id, cargo, correo, numero_telefonico, departamento_trabajo, cedula) values ('Anastasie', 'Herley', 'E000424', 'TECNICO ERA 2', 'aherley9@baidu.com', '1496050416', '<Tdepartamento>     <Nombre>Pozos petroleros</Nombre>     <Jefe_dpto>E0009856</Jefe_dpto>     <Jefe_ingeniero>E0003255</Jefe_ingeniero>     <Jefe_tecnicos>E0009154</Jefe_tecnicos> </Tdepartamento>', 2625340458);
insert into empleado (nombre, apellido, id, cargo, correo, numero_telefonico, departamento_trabajo, cedula) values ('Randie', 'Odhams', 'E000156', 'TECNICO ERA 2', 'rodhamsa@blinklist.com', '9898570030', '<Tdepartamento>     <Nombre>Pozos petroleros</Nombre>     <Jefe_dpto>E0009856</Jefe_dpto>     <Jefe_ingeniero>E0003255</Jefe_ingeniero>     <Jefe_tecnicos>E0009154</Jefe_tecnicos> </Tdepartamento>', 7983108398);
insert into empleado (nombre, apellido, id, cargo, correo, numero_telefonico, departamento_trabajo, cedula) values ('Thorndike', 'Bantock', 'E000492', 'TECNICO ERA 2', 'tbantockb@merriam-webster.com', '2379986113', '<Tdepartamento>     <Nombre>Pozos petroleros</Nombre>     <Jefe_dpto>E0009856</Jefe_dpto>     <Jefe_ingeniero>E0003255</Jefe_ingeniero>     <Jefe_tecnicos>E0009154</Jefe_tecnicos> </Tdepartamento>', 3693429540);
insert into empleado (nombre, apellido, id, cargo, correo, numero_telefonico, departamento_trabajo, cedula) values ('Christine', 'Laming', 'E000668', 'TECNICO ERA 2', 'clamingc@latimes.com', '4117658243', '<Tdepartamento>     <Nombre>Pozos petroleros</Nombre>     <Jefe_dpto>E0009856</Jefe_dpto>     <Jefe_ingeniero>E0003255</Jefe_ingeniero>     <Jefe_tecnicos>E0009154</Jefe_tecnicos> </Tdepartamento>', 4043682877);
insert into empleado (nombre, apellido, id, cargo, correo, numero_telefonico, departamento_trabajo, cedula) values ('Dorie', 'Firsby', 'E000126', 'TECNICO ERA 2', 'dfirsbyd@prweb.com', '8955464406', '<Tdepartamento>     <Nombre>Pozos petroleros</Nombre>     <Jefe_dpto>E0009856</Jefe_dpto>     <Jefe_ingeniero>E0003255</Jefe_ingeniero>     <Jefe_tecnicos>E0009154</Jefe_tecnicos> </Tdepartamento>', 8700474596);
insert into empleado (nombre, apellido, id, cargo, correo, numero_telefonico, departamento_trabajo, cedula) values ('Ralf', 'O''Lehane', 'E000897', 'TECNICO ERA 2', 'rolehanee@nba.com', '4927510370', '<Tdepartamento>     <Nombre>Pozos petroleros</Nombre>     <Jefe_dpto>E0009856</Jefe_dpto>     <Jefe_ingeniero>E0003255</Jefe_ingeniero>     <Jefe_tecnicos>E0009154</Jefe_tecnicos> </Tdepartamento>', 7113431941);
insert into empleado (nombre, apellido, id, cargo, correo, numero_telefonico, departamento_trabajo, cedula) values ('Maurie', 'Wiley', 'E000643', 'TECNICO ERA 2', 'mwileyf@google.it', '1426742587', '<Tdepartamento>     <Nombre>Pozos petroleros</Nombre>     <Jefe_dpto>E0009856</Jefe_dpto>     <Jefe_ingeniero>E0003255</Jefe_ingeniero>     <Jefe_tecnicos>E0009154</Jefe_tecnicos> </Tdepartamento>', 2109526300);
insert into empleado (nombre, apellido, id, cargo, correo, numero_telefonico, departamento_trabajo, cedula) values ('Launce', 'Diboll', 'E000142', 'TECNICO ERA 2', 'ldibollg@4shared.com', '9893398464', '<Tdepartamento>     <Nombre>Pozos petroleros</Nombre>     <Jefe_dpto>E0009856</Jefe_dpto>     <Jefe_ingeniero>E0003255</Jefe_ingeniero>     <Jefe_tecnicos>E0009154</Jefe_tecnicos> </Tdepartamento>', 5686373415);
insert into empleado (nombre, apellido, id, cargo, correo, numero_telefonico, departamento_trabajo, cedula) values ('Ericka', 'Pardon', 'E000195', 'TECNICO ERA 2', 'epardonh@ebay.co.uk', '4285388912', '<Tdepartamento>     <Nombre>Pozos petroleros</Nombre>     <Jefe_dpto>E0009856</Jefe_dpto>     <Jefe_ingeniero>E0003255</Jefe_ingeniero>     <Jefe_tecnicos>E0009154</Jefe_tecnicos> </Tdepartamento>', 7207251724);
insert into empleado (nombre, apellido, id, cargo, correo, numero_telefonico, departamento_trabajo, cedula) values ('Katrinka', 'Antonomolii', 'E000810', 'TECNICO ERA 2', 'kantonomoliii@google.cn', '3281148982', '<Tdepartamento>     <Nombre>Pozos petroleros</Nombre>     <Jefe_dpto>E0009856</Jefe_dpto>     <Jefe_ingeniero>E0003255</Jefe_ingeniero>     <Jefe_tecnicos>E0009154</Jefe_tecnicos> </Tdepartamento>', 7442942861);
insert into empleado (nombre, apellido, id, cargo, correo, numero_telefonico, departamento_trabajo, cedula) values ('Ivory', 'Motherwell', 'E000443', 'TECNICO ERA 2', 'imotherwellj@yellowbook.com', '8959597296', '<Tdepartamento>     <Nombre>Pozos petroleros</Nombre>     <Jefe_dpto>E0009856</Jefe_dpto>     <Jefe_ingeniero>E0003255</Jefe_ingeniero>     <Jefe_tecnicos>E0009154</Jefe_tecnicos> </Tdepartamento>', 9585582554);
insert into empleado (nombre, apellido, id, cargo, correo, numero_telefonico, departamento_trabajo, cedula) values ('Agneta', 'Dupree', 'E000619', 'TECNICO ERA 2', 'adupreek@patch.com', '1918053106', '<Tdepartamento>     <Nombre>Pozos petroleros</Nombre>     <Jefe_dpto>E0009856</Jefe_dpto>     <Jefe_ingeniero>E0003255</Jefe_ingeniero>     <Jefe_tecnicos>E0009154</Jefe_tecnicos> </Tdepartamento>', 1529353985);
insert into empleado (nombre, apellido, id, cargo, correo, numero_telefonico, departamento_trabajo, cedula) values ('Stanfield', 'Townsend', 'E000344', 'TECNICO ERA 2', 'stownsendl@gnu.org', '8633160183', '<Tdepartamento>     <Nombre>Pozos petroleros</Nombre>     <Jefe_dpto>E0009856</Jefe_dpto>     <Jefe_ingeniero>E0003255</Jefe_ingeniero>     <Jefe_tecnicos>E0009154</Jefe_tecnicos> </Tdepartamento>', 2573219839);
insert into empleado (nombre, apellido, id, cargo, correo, numero_telefonico, departamento_trabajo, cedula) values ('Graehme', 'Cruwys', 'E000132', 'TECNICO ERA 2', 'gcruwysm@gmpg.org', '4207758503', '<Tdepartamento>     <Nombre>Pozos petroleros</Nombre>     <Jefe_dpto>E0009856</Jefe_dpto>     <Jefe_ingeniero>E0003255</Jefe_ingeniero>     <Jefe_tecnicos>E0009154</Jefe_tecnicos> </Tdepartamento>', 2554648573);
insert into empleado (nombre, apellido, id, cargo, correo, numero_telefonico, departamento_trabajo, cedula) values ('Alan', 'Bougen', 'E000513', 'TECNICO ERA 2', 'abougenn@networksolutions.com', '1617292001', '<Tdepartamento>     <Nombre>Pozos petroleros</Nombre>     <Jefe_dpto>E0009856</Jefe_dpto>     <Jefe_ingeniero>E0003255</Jefe_ingeniero>     <Jefe_tecnicos>E0009154</Jefe_tecnicos> </Tdepartamento>', 3993295439);
insert into empleado (nombre, apellido, id, cargo, correo, numero_telefonico, departamento_trabajo, cedula) values ('Torr', 'Dudding', 'E000350', 'TECNICO ERA 2', 'tduddingo@simplemachines.org', '4539558583', '<Tdepartamento>     <Nombre>Pozos petroleros</Nombre>     <Jefe_dpto>E0009856</Jefe_dpto>     <Jefe_ingeniero>E0003255</Jefe_ingeniero>     <Jefe_tecnicos>E0009154</Jefe_tecnicos> </Tdepartamento>', 9062306060);
insert into empleado (nombre, apellido, id, cargo, correo, numero_telefonico, departamento_trabajo, cedula) values ('Goraud', 'Sparshett', 'E001765', 'tecnico era 1', 'gsparshett0@chronoengine.com', '3139931724', '<Tdepartamento>     <Nombre>Pozos petroleros</Nombre>     <Jefe_dpto>E0009856</Jefe_dpto>     <Jefe_ingeniero>E0003255</Jefe_ingeniero>     <Jefe_tecnicos>E0009154</Jefe_tecnicos> </Tdepartamento>', 3532144613);
insert into empleado (nombre, apellido, id, cargo, correo, numero_telefonico, departamento_trabajo, cedula) values ('Hervey', 'Norcott', 'E001493', 'tecnico era 1', 'hnorcott1@de.vu', '9769778503', '<Tdepartamento>     <Nombre>Pozos petroleros</Nombre>     <Jefe_dpto>E0009856</Jefe_dpto>     <Jefe_ingeniero>E0003255</Jefe_ingeniero>     <Jefe_tecnicos>E0009154</Jefe_tecnicos> </Tdepartamento>', 7314149677);
insert into empleado (nombre, apellido, id, cargo, correo, numero_telefonico, departamento_trabajo, cedula) values ('Margie', 'Grinikhin', 'E001509', 'tecnico era 1', 'mgrinikhin2@wordpress.org', '1159730408', '<Tdepartamento>     <Nombre>Pozos petroleros</Nombre>     <Jefe_dpto>E0009856</Jefe_dpto>     <Jefe_ingeniero>E0003255</Jefe_ingeniero>     <Jefe_tecnicos>E0009154</Jefe_tecnicos> </Tdepartamento>', 8123472608);
insert into empleado (nombre, apellido, id, cargo, correo, numero_telefonico, departamento_trabajo, cedula) values ('Nappie', 'Riolfi', 'E001911', 'tecnico era 1', 'nriolfi3@netlog.com', '2835729609', '<Tdepartamento>     <Nombre>Pozos petroleros</Nombre>     <Jefe_dpto>E0009856</Jefe_dpto>     <Jefe_ingeniero>E0003255</Jefe_ingeniero>     <Jefe_tecnicos>E0009154</Jefe_tecnicos> </Tdepartamento>', 4046374858);
insert into empleado (nombre, apellido, id, cargo, correo, numero_telefonico, departamento_trabajo, cedula) values ('Mattie', 'Sympson', 'E001961', 'tecnico era 1', 'msympson4@ustream.tv', '1905718973', '<Tdepartamento>     <Nombre>Pozos petroleros</Nombre>     <Jefe_dpto>E0009856</Jefe_dpto>     <Jefe_ingeniero>E0003255</Jefe_ingeniero>     <Jefe_tecnicos>E0009154</Jefe_tecnicos> </Tdepartamento>', 7776008140);
insert into empleado (nombre, apellido, id, cargo, correo, numero_telefonico, departamento_trabajo, cedula) values ('Fannie', 'Lankester', 'E001301', 'tecnico era 1', 'flankester5@cisco.com', '5018089734', '<Tdepartamento>     <Nombre>Pozos petroleros</Nombre>     <Jefe_dpto>E0009856</Jefe_dpto>     <Jefe_ingeniero>E0003255</Jefe_ingeniero>     <Jefe_tecnicos>E0009154</Jefe_tecnicos> </Tdepartamento>', 1460865825);
insert into empleado (nombre, apellido, id, cargo, correo, numero_telefonico, departamento_trabajo, cedula) values ('Sebastien', 'Aldersley', 'E001556', 'tecnico era 1', 'saldersley6@globo.com', '7716493794', '<Tdepartamento>     <Nombre>Pozos petroleros</Nombre>     <Jefe_dpto>E0009856</Jefe_dpto>     <Jefe_ingeniero>E0003255</Jefe_ingeniero>     <Jefe_tecnicos>E0009154</Jefe_tecnicos> </Tdepartamento>', 1553709091);
insert into empleado (nombre, apellido, id, cargo, correo, numero_telefonico, departamento_trabajo, cedula) values ('Kalina', 'Metzel', 'E001262', 'tecnico era 1', 'kmetzel7@exblog.jp', '6529864390', '<Tdepartamento>     <Nombre>Pozos petroleros</Nombre>     <Jefe_dpto>E0009856</Jefe_dpto>     <Jefe_ingeniero>E0003255</Jefe_ingeniero>     <Jefe_tecnicos>E0009154</Jefe_tecnicos> </Tdepartamento>', 4337416560);
insert into empleado (nombre, apellido, id, cargo, correo, numero_telefonico, departamento_trabajo, cedula) values ('Amelina', 'McBrearty', 'E001182', 'tecnico era 1', 'amcbrearty8@seesaa.net', '3082843827', '<Tdepartamento>     <Nombre>Pozos petroleros</Nombre>     <Jefe_dpto>E0009856</Jefe_dpto>     <Jefe_ingeniero>E0003255</Jefe_ingeniero>     <Jefe_tecnicos>E0009154</Jefe_tecnicos> </Tdepartamento>', 4005015532);
insert into empleado (nombre, apellido, id, cargo, correo, numero_telefonico, departamento_trabajo, cedula) values ('Roxi', 'Puttan', 'E001487', 'tecnico era 1', 'rputtan9@51.la', '4022995215', '<Tdepartamento>     <Nombre>Pozos petroleros</Nombre>     <Jefe_dpto>E0009856</Jefe_dpto>     <Jefe_ingeniero>E0003255</Jefe_ingeniero>     <Jefe_tecnicos>E0009154</Jefe_tecnicos> </Tdepartamento>', 8482589832);
insert into empleado (nombre, apellido, id, cargo, correo, numero_telefonico, departamento_trabajo, cedula) values ('Dulcy', 'Dysert', 'E001371', 'tecnico era 1', 'ddyserta@ucla.edu', '2651325360', '<Tdepartamento>     <Nombre>Pozos petroleros</Nombre>     <Jefe_dpto>E0009856</Jefe_dpto>     <Jefe_ingeniero>E0003255</Jefe_ingeniero>     <Jefe_tecnicos>E0009154</Jefe_tecnicos> </Tdepartamento>', 1285908049);
insert into empleado (nombre, apellido, id, cargo, correo, numero_telefonico, departamento_trabajo, cedula) values ('Christie', 'Maybury', 'E001518', 'tecnico era 1', 'cmayburyb@house.gov', '2101716004', '<Tdepartamento>     <Nombre>Pozos petroleros</Nombre>     <Jefe_dpto>E0009856</Jefe_dpto>     <Jefe_ingeniero>E0003255</Jefe_ingeniero>     <Jefe_tecnicos>E0009154</Jefe_tecnicos> </Tdepartamento>', 6398242633);
insert into empleado (nombre, apellido, id, cargo, correo, numero_telefonico, departamento_trabajo, cedula) values ('Wylie', 'Callander', 'E001402', 'tecnico era 1', 'wcallanderc@vimeo.com', '9171593524', '<Tdepartamento>     <Nombre>Pozos petroleros</Nombre>     <Jefe_dpto>E0009856</Jefe_dpto>     <Jefe_ingeniero>E0003255</Jefe_ingeniero>     <Jefe_tecnicos>E0009154</Jefe_tecnicos> </Tdepartamento>', 3313259320);
insert into empleado (nombre, apellido, id, cargo, correo, numero_telefonico, departamento_trabajo, cedula) values ('Padgett', 'Davidavidovics', 'E001358', 'tecnico era 1', 'pdavidavidovicsd@google.es', '4643920679', '<Tdepartamento>     <Nombre>Pozos petroleros</Nombre>     <Jefe_dpto>E0009856</Jefe_dpto>     <Jefe_ingeniero>E0003255</Jefe_ingeniero>     <Jefe_tecnicos>E0009154</Jefe_tecnicos> </Tdepartamento>', 4204831639);
insert into empleado (nombre, apellido, id, cargo, correo, numero_telefonico, departamento_trabajo, cedula) values ('Roanne', 'Svanetti', 'E001603', 'tecnico era 1', 'rsvanettie@woothemes.com', '1245130223', '<Tdepartamento>     <Nombre>Pozos petroleros</Nombre>     <Jefe_dpto>E0009856</Jefe_dpto>     <Jefe_ingeniero>E0003255</Jefe_ingeniero>     <Jefe_tecnicos>E0009154</Jefe_tecnicos> </Tdepartamento>', 3972237806);
insert into empleado (nombre, apellido, id, cargo, correo, numero_telefonico, departamento_trabajo, cedula) values ('Tamma', 'Wise', 'E001413', 'tecnico era 1', 'twisef@comsenz.com', '2575086529', '<Tdepartamento>     <Nombre>Pozos petroleros</Nombre>     <Jefe_dpto>E0009856</Jefe_dpto>     <Jefe_ingeniero>E0003255</Jefe_ingeniero>     <Jefe_tecnicos>E0009154</Jefe_tecnicos> </Tdepartamento>', 3106879365);
insert into empleado (nombre, apellido, id, cargo, correo, numero_telefonico, departamento_trabajo, cedula) values ('Ian', 'Wonter', 'E001264', 'tecnico era 1', 'iwonterg@accuweather.com', '4733132768', '<Tdepartamento>     <Nombre>Pozos petroleros</Nombre>     <Jefe_dpto>E0009856</Jefe_dpto>     <Jefe_ingeniero>E0003255</Jefe_ingeniero>     <Jefe_tecnicos>E0009154</Jefe_tecnicos> </Tdepartamento>', 3995626139);
insert into empleado (nombre, apellido, id, cargo, correo, numero_telefonico, departamento_trabajo, cedula) values ('Brietta', 'Ollerenshaw', 'E001620', 'tecnico era 1', 'bollerenshawh@surveymonkey.com', '7738338291', '<Tdepartamento>     <Nombre>Pozos petroleros</Nombre>     <Jefe_dpto>E0009856</Jefe_dpto>     <Jefe_ingeniero>E0003255</Jefe_ingeniero>     <Jefe_tecnicos>E0009154</Jefe_tecnicos> </Tdepartamento>', 8615281557);
insert into empleado (nombre, apellido, id, cargo, correo, numero_telefonico, departamento_trabajo, cedula) values ('Lynnea', 'MacCarter', 'E001951', 'tecnico era 1', 'lmaccarteri@economist.com', '3582897142', '<Tdepartamento>     <Nombre>Pozos petroleros</Nombre>     <Jefe_dpto>E0009856</Jefe_dpto>     <Jefe_ingeniero>E0003255</Jefe_ingeniero>     <Jefe_tecnicos>E0009154</Jefe_tecnicos> </Tdepartamento>', 3889552277);
insert into empleado (nombre, apellido, id, cargo, correo, numero_telefonico, departamento_trabajo, cedula) values ('Dorotea', 'Robillart', 'E001214', 'tecnico era 1', 'drobillartj@homestead.com', '2145132364', '<Tdepartamento>     <Nombre>Pozos petroleros</Nombre>     <Jefe_dpto>E0009856</Jefe_dpto>     <Jefe_ingeniero>E0003255</Jefe_ingeniero>     <Jefe_tecnicos>E0009154</Jefe_tecnicos> </Tdepartamento>', 4566384847);
insert into empleado (nombre, apellido, id, cargo, correo, numero_telefonico, departamento_trabajo, cedula) values ('Cass', 'Fice', 'E001492', 'tecnico era 1', 'cficek@apple.com', '9832719888', '<Tdepartamento>     <Nombre>Pozos petroleros</Nombre>     <Jefe_dpto>E0009856</Jefe_dpto>     <Jefe_ingeniero>E0003255</Jefe_ingeniero>     <Jefe_tecnicos>E0009154</Jefe_tecnicos> </Tdepartamento>', 6394705270);
insert into empleado (nombre, apellido, id, cargo, correo, numero_telefonico, departamento_trabajo, cedula) values ('Lonny', 'Pastor', 'E001491', 'tecnico era 1', 'lpastorl@miibeian.gov.cn', '7834556225', '<Tdepartamento>     <Nombre>Pozos petroleros</Nombre>     <Jefe_dpto>E0009856</Jefe_dpto>     <Jefe_ingeniero>E0003255</Jefe_ingeniero>     <Jefe_tecnicos>E0009154</Jefe_tecnicos> </Tdepartamento>', 7528815883);
insert into empleado (nombre, apellido, id, cargo, correo, numero_telefonico, departamento_trabajo, cedula) values ('Andros', 'Ockwell', 'E001664', 'tecnico era 1', 'aockwellm@whitehouse.gov', '7467004358', '<Tdepartamento>     <Nombre>Pozos petroleros</Nombre>     <Jefe_dpto>E0009856</Jefe_dpto>     <Jefe_ingeniero>E0003255</Jefe_ingeniero>     <Jefe_tecnicos>E0009154</Jefe_tecnicos> </Tdepartamento>', 8487996922);
insert into empleado (nombre, apellido, id, cargo, correo, numero_telefonico, departamento_trabajo, cedula) values ('Farica', 'Mepsted', 'E001454', 'tecnico era 1', 'fmepstedn@cisco.com', '3226393089', '<Tdepartamento>     <Nombre>Pozos petroleros</Nombre>     <Jefe_dpto>E0009856</Jefe_dpto>     <Jefe_ingeniero>E0003255</Jefe_ingeniero>     <Jefe_tecnicos>E0009154</Jefe_tecnicos> </Tdepartamento>', 9503448269);
insert into empleado (nombre, apellido, id, cargo, correo, numero_telefonico, departamento_trabajo, cedula) values ('Spike', 'Brito', 'E001782', 'tecnico era 1', 'sbritoo@accuweather.com', '6908912053', '<Tdepartamento>     <Nombre>Pozos petroleros</Nombre>     <Jefe_dpto>E0009856</Jefe_dpto>     <Jefe_ingeniero>E0003255</Jefe_ingeniero>     <Jefe_tecnicos>E0009154</Jefe_tecnicos> </Tdepartamento>', 4698186776);



/*Empleado directo*/
insert into empleado_directo (id, departamento_experiencia, planta_residencia) values ('E000220', 'Pozos Petroleros', '<Planta_residencia> 	<Municipio>Villavicencio</Municipio> 	<Departamento>Meta</Departamento> 	<Planta Nombre = ''Central 2''> <Estacion>VIT 52</Estacion> <Oficina>620</Oficina> 	</Planta> </Planta_residencia>');
insert into empleado_directo (id, departamento_experiencia, planta_residencia) values ('E000375', 'Pozos Petroleros', '<Planta_residencia> 	<Municipio>Villavicencio</Municipio> 	<Departamento>Meta</Departamento> 	<Planta Nombre = ''Central 2''> <Estacion>VIT 52</Estacion> <Oficina>620</Oficina> 	</Planta> </Planta_residencia>');
insert into empleado_directo (id, departamento_experiencia, planta_residencia) values ('E000564', 'Pozos Petroleros', '<Planta_residencia> 	<Municipio>Villavicencio</Municipio> 	<Departamento>Meta</Departamento> 	<Planta Nombre = ''Central 2''> <Estacion>VIT 52</Estacion> <Oficina>620</Oficina> 	</Planta> </Planta_residencia>');
insert into empleado_directo (id, departamento_experiencia, planta_residencia) values ('E000307', 'Pozos Petroleros', '<Planta_residencia> 	<Municipio>Chichimene</Municipio> 	<Departamento>Meta</Departamento> 	<Planta Nombre = ''Chichimene 2''> <Estacion>VIT 35</Estacion> <Oficina>601</Oficina> 	</Planta> </Planta_residencia>');
insert into empleado_directo (id, departamento_experiencia, planta_residencia) values ('E000896', 'Pozos Petroleros', '<Planta_residencia> 	<Municipio>Chichimene</Municipio> 	<Departamento>Meta</Departamento> 	<Planta Nombre = ''Chichimene 2''> <Estacion>VIT 35</Estacion> <Oficina>601</Oficina> 	</Planta> </Planta_residencia>');
insert into empleado_directo (id, departamento_experiencia, planta_residencia) values ('E000511', 'Pozos Petroleros', '<Planta_residencia> 	<Municipio>Chichimene</Municipio> 	<Departamento>Meta</Departamento> 	<Planta Nombre = ''Chichimene 2''> <Estacion>VIT 35</Estacion> <Oficina>601</Oficina> 	</Planta> </Planta_residencia>');
insert into empleado_directo (id, departamento_experiencia, planta_residencia) values ('E000675', 'Pozos Petroleros', '<Planta_residencia> 	<Municipio>Chichimene</Municipio> 	<Departamento>Meta</Departamento> 	<Planta Nombre = ''Chichimene 2''><Estacion>VIT 35</Estacion> <Oficina>601</Oficina> 	</Planta> </Planta_residencia>');
insert into empleado_directo (id, departamento_experiencia, planta_residencia) values ('E000186', 'Pozos Petroleros', '<Planta_residencia> 	<Municipio>Chichimene</Municipio> 	<Departamento>Meta</Departamento> 	<Planta Nombre = ''Chichimene 2''><Estacion>VIT 35</Estacion> <Oficina>601</Oficina> 	</Planta> </Planta_residencia>');
insert into empleado_directo (id, departamento_experiencia, planta_residencia) values ('E000494', 'Pozos Petroleros', '<Planta_residencia> 	<Municipio>Chichimene</Municipio> 	<Departamento>Meta</Departamento> 	<Planta Nombre = ''Chichimene 2''> <Estacion>VIT 35</Estacion> <Oficina>601</Oficina> 	</Planta> </Planta_residencia>');
insert into empleado_directo (id, departamento_experiencia, planta_residencia) values ('E000821', 'Pozos Petroleros', '<Planta_residencia> 	<Municipio>Villavicencio</Municipio> 	<Departamento>Meta</Departamento> 	<Planta Nombre = ''Central 2''> <Estacion>VIT 52</Estacion> <Oficina>620</Oficina> 	</Planta> </Planta_residencia>');
insert into empleado_directo (id, departamento_experiencia, planta_residencia) values ('E000674', 'Pozos Petroleros', '<Planta_residencia> 	<Municipio>Chichimene</Municipio> 	<Departamento>Meta</Departamento> 	<Planta Nombre = ''Chichimene 2''> <Estacion>VIT 35</Estacion> <Oficina>601</Oficina> 	</Planta> </Planta_residencia>');
insert into empleado_directo (id, departamento_experiencia, planta_residencia) values ('E000871', 'Pozos Petroleros', '<Planta_residencia> 	<Municipio>Villavicencio</Municipio> 	<Departamento>Meta</Departamento> 	<Planta Nombre = ''Central 2''> <Estacion>VIT 52</Estacion> <Oficina>620</Oficina> 	</Planta> </Planta_residencia>');
insert into empleado_directo (id, departamento_experiencia, planta_residencia) values ('E000805', 'Pozos Petroleros', '<Planta_residencia> 	<Municipio>Chichimene</Municipio> 	<Departamento>Meta</Departamento> 	<Planta Nombre = ''Chichimene 2''> <Estacion>VIT 35</Estacion> <Oficina>601</Oficina> 	</Planta> </Planta_residencia>');
insert into empleado_directo (id, departamento_experiencia, planta_residencia) values ('E000372', 'Pozos Petroleros', '<Planta_residencia> 	<Municipio>Villavicencio</Municipio> 	<Departamento>Meta</Departamento> 	<Planta Nombre = ''Central 2''> <Estacion>VIT 52</Estacion> <Oficina>620</Oficina> 	</Planta> </Planta_residencia>');
insert into empleado_directo (id, departamento_experiencia, planta_residencia) values ('E000841', 'Pozos Petroleros', '<Planta_residencia> 	<Municipio>Chichimene</Municipio> 	<Departamento>Meta</Departamento> 	<Planta Nombre = ''Chichimene 2''> <Estacion>VIT 35</Estacion> <Oficina>601</Oficina> 	</Planta> </Planta_residencia>');
insert into empleado_directo (id, departamento_experiencia, planta_residencia) values ('E000587', 'Pozos Petroleros', '<Planta_residencia> 	<Municipio>Villavicencio</Municipio> 	<Departamento>Meta</Departamento> 	<Planta Nombre = ''Central 2''> <Estacion>VIT 52</Estacion> <Oficina>620</Oficina> 	</Planta> </Planta_residencia>');
insert into empleado_directo (id, departamento_experiencia, planta_residencia) values ('E000258', 'Pozos Petroleros', '<Planta_residencia> 	<Municipio>Villavicencio</Municipio> 	<Departamento>Meta</Departamento> 	<Planta Nombre = ''Central 2''> <Estacion>VIT 52</Estacion> <Oficina>620</Oficina> 	</Planta> </Planta_residencia>');
insert into empleado_directo (id, departamento_experiencia, planta_residencia) values ('E000174', 'Pozos Petroleros', '<Planta_residencia> 	<Municipio>Villavicencio</Municipio> 	<Departamento>Meta</Departamento> 	<Planta Nombre = ''Central 2''> <Estacion>VIT 52</Estacion> <Oficina>620</Oficina> 	</Planta> </Planta_residencia>');
insert into empleado_directo (id, departamento_experiencia, planta_residencia) values ('E000929', 'Pozos Petroleros', '<Planta_residencia> 	<Municipio>Villavicencio</Municipio> 	<Departamento>Meta</Departamento> 	<Planta Nombre = ''Central 2''> <Estacion>VIT 52</Estacion> <Oficina>620</Oficina> 	</Planta> </Planta_residencia>');
insert into empleado_directo (id, departamento_experiencia, planta_residencia) values ('E000487', 'Pozos Petroleros', '<Planta_residencia> 	<Municipio>Chichimene</Municipio> 	<Departamento>Meta</Departamento> 	<Planta Nombre = ''Chichimene 2''> <Estacion>VIT 35</Estacion> <Oficina>601</Oficina> 	</Planta> </Planta_residencia>');
insert into empleado_directo (id, departamento_experiencia, planta_residencia) values ('E000101', 'Pozos Petroleros', '<Planta_residencia> 	<Municipio>Villavicencio</Municipio> 	<Departamento>Meta</Departamento> 	<Planta Nombre = ''Central 2''> <Estacion>VIT 52</Estacion> <Oficina>620</Oficina> 	</Planta> </Planta_residencia>');
insert into empleado_directo (id, departamento_experiencia, planta_residencia) values ('E000606', 'Pozos Petroleros', '<Planta_residencia> 	<Municipio>Villavicencio</Municipio> 	<Departamento>Meta</Departamento> 	<Planta Nombre = ''Central 2''> <Estacion>VIT 52</Estacion> <Oficina>620</Oficina> 	</Planta> </Planta_residencia>');
insert into empleado_directo (id, departamento_experiencia, planta_residencia) values ('E000437', 'Pozos Petroleros', '<Planta_residencia> 	<Municipio>Chichimene</Municipio> 	<Departamento>Meta</Departamento> 	<Planta Nombre = ''Chichimene 2''> <Estacion>VIT 35</Estacion> <Oficina>601</Oficina> 	</Planta> </Planta_residencia>');
insert into empleado_directo (id, departamento_experiencia, planta_residencia) values ('E000335', 'Pozos Petroleros', '<Planta_residencia> 	<Municipio>Villavicencio</Municipio> 	<Departamento>Meta</Departamento> 	<Planta Nombre = ''Central 2''> <Estacion>VIT 52</Estacion> <Oficina>620</Oficina> 	</Planta> </Planta_residencia>');
insert into empleado_directo (id, departamento_experiencia, planta_residencia) values ('E000559', 'Pozos Petroleros', '<Planta_residencia> 	<Municipio>Chichimene</Municipio> 	<Departamento>Meta</Departamento> 	<Planta Nombre = ''Chichimene 2''> <Estacion>VIT 35</Estacion> <Oficina>601</Oficina> 	</Planta> </Planta_residencia>');
insert into empleado_directo (id, departamento_experiencia, planta_residencia) values ('E000637', 'Pozos Petroleros', '<Planta_residencia> 	<Municipio>Villavicencio</Municipio> 	<Departamento>Meta</Departamento> 	<Planta Nombre = ''Central 2''> <Estacion>VIT 52</Estacion> <Oficina>620</Oficina> 	</Planta> </Planta_residencia>');
insert into empleado_directo (id, departamento_experiencia, planta_residencia) values ('E000689', 'Pozos Petroleros', '<Planta_residencia> 	<Municipio>Chichimene</Municipio> 	<Departamento>Meta</Departamento> 	<Planta Nombre = ''Chichimene 2''> <Estacion>VIT 35</Estacion> <Oficina>601</Oficina> 	</Planta> </Planta_residencia>');
insert into empleado_directo (id, departamento_experiencia, planta_residencia) values ('E000198', 'Pozos Petroleros', '<Planta_residencia> 	<Municipio>Villavicencio</Municipio> 	<Departamento>Meta</Departamento> 	<Planta Nombre = ''Central 2''> <Estacion>VIT 52</Estacion> <Oficina>620</Oficina> 	</Planta> </Planta_residencia>');
insert into empleado_directo (id, departamento_experiencia, planta_residencia) values ('E000734', 'Pozos Petroleros', '<Planta_residencia> 	<Municipio>Chichimene</Municipio> 	<Departamento>Meta</Departamento> 	<Planta Nombre = ''Chichimene 2''> <Estacion>VIT 35</Estacion> <Oficina>601</Oficina> 	</Planta> </Planta_residencia>');
insert into empleado_directo (id, departamento_experiencia, planta_residencia) values ('E000235', 'Pozos Petroleros', '<Planta_residencia> 	<Municipio>Villavicencio</Municipio> 	<Departamento>Meta</Departamento> 	<Planta Nombre = ''Central 2''> <Estacion>VIT 52</Estacion> <Oficina>620</Oficina> 	</Planta> </Planta_residencia>');
insert into empleado_directo (id, departamento_experiencia, planta_residencia) values ('E000604', 'Pozos Petroleros', '<Planta_residencia> 	<Municipio>Villavicencio</Municipio> 	<Departamento>Meta</Departamento> 	<Planta Nombre = ''Central 2''> <Estacion>VIT 52</Estacion> <Oficina>620</Oficina> 	</Planta> </Planta_residencia>');
insert into empleado_directo (id, departamento_experiencia, planta_residencia) values ('E000762', 'Pozos Petroleros', '<Planta_residencia> 	<Municipio>Villavicencio</Municipio> 	<Departamento>Meta</Departamento> 	<Planta Nombre = ''Central 2''> <Estacion>VIT 52</Estacion> <Oficina>620</Oficina> 	</Planta> </Planta_residencia>');
insert into empleado_directo (id, departamento_experiencia, planta_residencia) values ('E000949', 'Pozos Petroleros', '<Planta_residencia> 	<Municipio>Villavicencio</Municipio> 	<Departamento>Meta</Departamento> 	<Planta Nombre = ''Central 2''>	<Estacion>VIT 52</Estacion> <Oficina>620</Oficina> 	</Planta> </Planta_residencia>');
insert into empleado_directo (id, departamento_experiencia, planta_residencia) values ('E000737', 'Pozos Petroleros', '<Planta_residencia> 	<Municipio>Chichimene</Municipio> 	<Departamento>Meta</Departamento> 	<Planta Nombre = ''Chichimene 2''> <Estacion>VIT 35</Estacion> <Oficina>601</Oficina> 	</Planta> </Planta_residencia>');
insert into empleado_directo (id, departamento_experiencia, planta_residencia) values ('E000462', 'Pozos Petroleros', '<Planta_residencia> 	<Municipio>Chichimene</Municipio> 	<Departamento>Meta</Departamento> 	<Planta Nombre = ''Chichimene 2''> <Estacion>VIT 35</Estacion> <Oficina>601</Oficina> 	</Planta> </Planta_residencia>');
insert into empleado_directo (id, departamento_experiencia, planta_residencia) values ('E000569', 'Pozos Petroleros', '<Planta_residencia> 	<Municipio>Villavicencio</Municipio> 	<Departamento>Meta</Departamento> 	<Planta Nombre = ''Central 2''> <Estacion>VIT 52</Estacion> <Oficina>620</Oficina> 	</Planta> </Planta_residencia>');
insert into empleado_directo (id, departamento_experiencia, planta_residencia) values ('E000208', 'Pozos Petroleros', '<Planta_residencia> 	<Municipio>Villavicencio</Municipio> 	<Departamento>Meta</Departamento> 	<Planta Nombre = ''Central 2''> <Estacion>VIT 52</Estacion> <Oficina>620</Oficina> 	</Planta> </Planta_residencia>');
insert into empleado_directo (id, departamento_experiencia, planta_residencia) values ('E000222', 'Pozos Petroleros', '<Planta_residencia> 	<Municipio>Villavicencio</Municipio> 	<Departamento>Meta</Departamento> 	<Planta Nombre = ''Central 2''> <Estacion>VIT 52</Estacion> <Oficina>620</Oficina> 	</Planta> </Planta_residencia>');
insert into empleado_directo (id, departamento_experiencia, planta_residencia) values ('E000515', 'Pozos Petroleros', '<Planta_residencia> 	<Municipio>Chichimene</Municipio> 	<Departamento>Meta</Departamento> 	<Planta Nombre = ''Chichimene 2''> <Estacion>VIT 35</Estacion> <Oficina>601</Oficina> 	</Planta> </Planta_residencia>');
insert into empleado_directo (id, departamento_experiencia, planta_residencia) values ('E000703', 'Pozos Petroleros', '<Planta_residencia> 	<Municipio>Villavicencio</Municipio> 	<Departamento>Meta</Departamento> 	<Planta Nombre = ''Central 2''> <Estacion>VIT 52</Estacion> <Oficina>620</Oficina> 	</Planta> </Planta_residencia>');
insert into empleado_directo (id, departamento_experiencia, planta_residencia) values ('E000528', 'Pozos Petroleros', '<Planta_residencia> 	<Municipio>Villavicencio</Municipio> 	<Departamento>Meta</Departamento> 	<Planta Nombre = ''Central 2''> <Estacion>VIT 52</Estacion> <Oficina>620</Oficina> 	</Planta> </Planta_residencia>');
insert into empleado_directo (id, departamento_experiencia, planta_residencia) values ('E000508', 'Pozos Petroleros', '<Planta_residencia> 	<Municipio>Villavicencio</Municipio> 	<Departamento>Meta</Departamento> 	<Planta Nombre = ''Central 2''> <Estacion>VIT 52</Estacion> <Oficina>620</Oficina> 	</Planta> </Planta_residencia>');
insert into empleado_directo (id, departamento_experiencia, planta_residencia) values ('E000354', 'Pozos Petroleros', '<Planta_residencia> 	<Municipio>Villavicencio</Municipio> 	<Departamento>Meta</Departamento> 	<Planta Nombre = ''Central 2''> <Estacion>VIT 52</Estacion> <Oficina>620</Oficina> 	</Planta> </Planta_residencia>');
insert into empleado_directo (id, departamento_experiencia, planta_residencia) values ('E000468', 'Pozos Petroleros', '<Planta_residencia> 	<Municipio>Villavicencio</Municipio> 	<Departamento>Meta</Departamento> 	<Planta Nombre = ''Central 2''> <Estacion>VIT 52</Estacion> <Oficina>620</Oficina> 	</Planta> </Planta_residencia>');
insert into empleado_directo (id, departamento_experiencia, planta_residencia) values ('E000183', 'Pozos Petroleros', '<Planta_residencia> 	<Municipio>Villavicencio</Municipio> 	<Departamento>Meta</Departamento> 	<Planta Nombre = ''Central 2''> <Estacion>VIT 52</Estacion> <Oficina>620</Oficina> 	</Planta> </Planta_residencia>');
insert into empleado_directo (id, departamento_experiencia, planta_residencia) values ('E000230', 'Pozos Petroleros', '<Planta_residencia> 	<Municipio>Villavicencio</Municipio> 	<Departamento>Meta</Departamento> 	<Planta Nombre = ''Central 2''> <Estacion>VIT 52</Estacion> <Oficina>620</Oficina> 	</Planta> </Planta_residencia>');
insert into empleado_directo (id, departamento_experiencia, planta_residencia) values ('E000456', 'Pozos Petroleros', '<Planta_residencia> 	<Municipio>Chichimene</Municipio> 	<Departamento>Meta</Departamento> 	<Planta Nombre = ''Chichimene 2''> <Estacion>VIT 35</Estacion> <Oficina>601</Oficina> 	</Planta> </Planta_residencia>');
insert into empleado_directo (id, departamento_experiencia, planta_residencia) values ('E000149', 'Pozos Petroleros', '<Planta_residencia> 	<Municipio>Villavicencio</Municipio> 	<Departamento>Meta</Departamento> 	<Planta Nombre = ''Central 2''> <Estacion>VIT 52</Estacion> <Oficina>620</Oficina> 	</Planta> </Planta_residencia>');
insert into empleado_directo (id, departamento_experiencia, planta_residencia) values ('E000613', 'Pozos Petroleros', '<Planta_residencia> 	<Municipio>Chichimene</Municipio> 	<Departamento>Meta</Departamento> 	<Planta Nombre = ''Chichimene 2''> <Estacion>VIT 35</Estacion> <Oficina>601</Oficina> 	</Planta> </Planta_residencia>');
insert into empleado_directo (id, departamento_experiencia, planta_residencia) values ('E000275', 'Pozos Petroleros', '<Planta_residencia> 	<Municipio>Chichimene</Municipio> 	<Departamento>Meta</Departamento> 	<Planta Nombre = ''Chichimene 2''> <Estacion>VIT 35</Estacion> <Oficina>601</Oficina> 	</Planta> </Planta_residencia>');



/*poblar experto*/ 
insert into experto (id, departamento_experiencia) values ('E001560', '<Tdepartamento><Nombre>Pozos petroleros</Nombre><Jefe_dpto>E0009856</Jefe_dpto><Jefe_ingeniero>E0003255</Jefe_ingeniero><Jefe_tecnicos>E0009154</Jefe_tecnicos> </Tdepartamento>');
insert into experto (id, departamento_experiencia) values ('E001964', '<Tdepartamento><Nombre>Pozos petroleros</Nombre><Jefe_dpto>E0009856</Jefe_dpto><Jefe_ingeniero>E0003255</Jefe_ingeniero><Jefe_tecnicos>E0009154</Jefe_tecnicos> </Tdepartamento>');
insert into experto (id, departamento_experiencia) values ('E001221', '<Tdepartamento><Nombre>Pozos petroleros</Nombre><Jefe_dpto>E0009856</Jefe_dpto><Jefe_ingeniero>E0003255</Jefe_ingeniero><Jefe_tecnicos>E0009154</Jefe_tecnicos> </Tdepartamento>');
insert into experto (id, departamento_experiencia) values ('E001174', '<Tdepartamento><Nombre>Pozos petroleros</Nombre><Jefe_dpto>E0009856</Jefe_dpto><Jefe_ingeniero>E0003255</Jefe_ingeniero><Jefe_tecnicos>E0009154</Jefe_tecnicos> </Tdepartamento>');
insert into experto (id, departamento_experiencia) values ('E001682', '<Tdepartamento><Nombre>Pozos petroleros</Nombre><Jefe_dpto>E0009856</Jefe_dpto><Jefe_ingeniero>E0003255</Jefe_ingeniero><Jefe_tecnicos>E0009154</Jefe_tecnicos> </Tdepartamento>');
insert into experto (id, departamento_experiencia) values ('E001639', '<Tdepartamento><Nombre>Pozos petroleros</Nombre><Jefe_dpto>E0009856</Jefe_dpto><Jefe_ingeniero>E0003255</Jefe_ingeniero><Jefe_tecnicos>E0009154</Jefe_tecnicos> </Tdepartamento>');
insert into experto (id, departamento_experiencia) values ('E001945', '<Tdepartamento><Nombre>Pozos petroleros</Nombre><Jefe_dpto>E0009856</Jefe_dpto><Jefe_ingeniero>E0003255</Jefe_ingeniero><Jefe_tecnicos>E0009154</Jefe_tecnicos> </Tdepartamento>');
insert into experto (id, departamento_experiencia) values ('E001335', '<Tdepartamento><Nombre>Pozos petroleros</Nombre><Jefe_dpto>E0009856</Jefe_dpto><Jefe_ingeniero>E0003255</Jefe_ingeniero><Jefe_tecnicos>E0009154</Jefe_tecnicos> </Tdepartamento>');
insert into experto (id, departamento_experiencia) values ('E001788', '<Tdepartamento><Nombre>Pozos petroleros</Nombre><Jefe_dpto>E0009856</Jefe_dpto><Jefe_ingeniero>E0003255</Jefe_ingeniero><Jefe_tecnicos>E0009154</Jefe_tecnicos> </Tdepartamento>');
insert into experto (id, departamento_experiencia) values ('E001215', '<Tdepartamento><Nombre>Pozos petroleros</Nombre><Jefe_dpto>E0009856</Jefe_dpto><Jefe_ingeniero>E0003255</Jefe_ingeniero><Jefe_tecnicos>E0009154</Jefe_tecnicos> </Tdepartamento>');
insert into experto (id, departamento_experiencia) values ('E001910', '<Tdepartamento><Nombre>Pozos petroleros</Nombre><Jefe_dpto>E0009856</Jefe_dpto><Jefe_ingeniero>E0003255</Jefe_ingeniero><Jefe_tecnicos>E0009154</Jefe_tecnicos> </Tdepartamento>');
insert into experto (id, departamento_experiencia) values ('E001948', '<Tdepartamento><Nombre>Pozos petroleros</Nombre><Jefe_dpto>E0009856</Jefe_dpto><Jefe_ingeniero>E0003255</Jefe_ingeniero><Jefe_tecnicos>E0009154</Jefe_tecnicos> </Tdepartamento>');
insert into experto (id, departamento_experiencia) values ('E001512', '<Tdepartamento><Nombre>Pozos petroleros</Nombre><Jefe_dpto>E0009856</Jefe_dpto><Jefe_ingeniero>E0003255</Jefe_ingeniero><Jefe_tecnicos>E0009154</Jefe_tecnicos> </Tdepartamento>');
insert into experto (id, departamento_experiencia) values ('E001284', '<Tdepartamento><Nombre>Pozos petroleros</Nombre><Jefe_dpto>E0009856</Jefe_dpto><Jefe_ingeniero>E0003255</Jefe_ingeniero><Jefe_tecnicos>E0009154</Jefe_tecnicos> </Tdepartamento>');
insert into experto (id, departamento_experiencia) values ('E001856', '<Tdepartamento><Nombre>Pozos petroleros</Nombre><Jefe_dpto>E0009856</Jefe_dpto><Jefe_ingeniero>E0003255</Jefe_ingeniero><Jefe_tecnicos>E0009154</Jefe_tecnicos> </Tdepartamento>');
insert into experto (id, departamento_experiencia) values ('E001535', '<Tdepartamento><Nombre>Pozos petroleros</Nombre><Jefe_dpto>E0009856</Jefe_dpto><Jefe_ingeniero>E0003255</Jefe_ingeniero><Jefe_tecnicos>E0009154</Jefe_tecnicos> </Tdepartamento>');
insert into experto (id, departamento_experiencia) values ('E001319', '<Tdepartamento><Nombre>Pozos petroleros</Nombre><Jefe_dpto>E0009856</Jefe_dpto><Jefe_ingeniero>E0003255</Jefe_ingeniero><Jefe_tecnicos>E0009154</Jefe_tecnicos> </Tdepartamento>');
insert into experto (id, departamento_experiencia) values ('E001129', '<Tdepartamento><Nombre>Pozos petroleros</Nombre><Jefe_dpto>E0009856</Jefe_dpto><Jefe_ingeniero>E0003255</Jefe_ingeniero><Jefe_tecnicos>E0009154</Jefe_tecnicos> </Tdepartamento>');
insert into experto (id, departamento_experiencia) values ('E001583', '<Tdepartamento><Nombre>Pozos petroleros</Nombre><Jefe_dpto>E0009856</Jefe_dpto><Jefe_ingeniero>E0003255</Jefe_ingeniero><Jefe_tecnicos>E0009154</Jefe_tecnicos> </Tdepartamento>');
insert into experto (id, departamento_experiencia) values ('E001935', '<Tdepartamento><Nombre>Pozos petroleros</Nombre><Jefe_dpto>E0009856</Jefe_dpto><Jefe_ingeniero>E0003255</Jefe_ingeniero><Jefe_tecnicos>E0009154</Jefe_tecnicos> </Tdepartamento>');
insert into experto (id, departamento_experiencia) values ('E001167', '<Tdepartamento><Nombre>Pozos petroleros</Nombre><Jefe_dpto>E0009856</Jefe_dpto><Jefe_ingeniero>E0003255</Jefe_ingeniero><Jefe_tecnicos>E0009154</Jefe_tecnicos> </Tdepartamento>');
insert into experto (id, departamento_experiencia) values ('E001448', '<Tdepartamento><Nombre>Pozos petroleros</Nombre><Jefe_dpto>E0009856</Jefe_dpto><Jefe_ingeniero>E0003255</Jefe_ingeniero><Jefe_tecnicos>E0009154</Jefe_tecnicos> </Tdepartamento>');
insert into experto (id, departamento_experiencia) values ('E001229', '<Tdepartamento><Nombre>Pozos petroleros</Nombre><Jefe_dpto>E0009856</Jefe_dpto><Jefe_ingeniero>E0003255</Jefe_ingeniero><Jefe_tecnicos>E0009154</Jefe_tecnicos> </Tdepartamento>');
insert into experto (id, departamento_experiencia) values ('E001325', '<Tdepartamento><Nombre>Pozos petroleros</Nombre><Jefe_dpto>E0009856</Jefe_dpto><Jefe_ingeniero>E0003255</Jefe_ingeniero><Jefe_tecnicos>E0009154</Jefe_tecnicos> </Tdepartamento>');
insert into experto (id, departamento_experiencia) values ('E001203', '<Tdepartamento><Nombre>Pozos petroleros</Nombre><Jefe_dpto>E0009856</Jefe_dpto><Jefe_ingeniero>E0003255</Jefe_ingeniero><Jefe_tecnicos>E0009154</Jefe_tecnicos> </Tdepartamento>');
insert into experto (id, departamento_experiencia) values ('E001363', '<Tdepartamento><Nombre>Pozos petroleros</Nombre><Jefe_dpto>E0009856</Jefe_dpto><Jefe_ingeniero>E0003255</Jefe_ingeniero><Jefe_tecnicos>E0009154</Jefe_tecnicos> </Tdepartamento>');
insert into experto (id, departamento_experiencia) values ('E001683', '<Tdepartamento><Nombre>Pozos petroleros</Nombre><Jefe_dpto>E0009856</Jefe_dpto><Jefe_ingeniero>E0003255</Jefe_ingeniero><Jefe_tecnicos>E0009154</Jefe_tecnicos> </Tdepartamento>');
insert into experto (id, departamento_experiencia) values ('E001864', '<Tdepartamento><Nombre>Pozos petroleros</Nombre><Jefe_dpto>E0009856</Jefe_dpto><Jefe_ingeniero>E0003255</Jefe_ingeniero><Jefe_tecnicos>E0009154</Jefe_tecnicos> </Tdepartamento>');
insert into experto (id, departamento_experiencia) values ('E001946', '<Tdepartamento><Nombre>Pozos petroleros</Nombre><Jefe_dpto>E0009856</Jefe_dpto><Jefe_ingeniero>E0003255</Jefe_ingeniero><Jefe_tecnicos>E0009154</Jefe_tecnicos> </Tdepartamento>');
insert into experto (id, departamento_experiencia) values ('E001372', '<Tdepartamento><Nombre>Pozos petroleros</Nombre><Jefe_dpto>E0009856</Jefe_dpto><Jefe_ingeniero>E0003255</Jefe_ingeniero><Jefe_tecnicos>E0009154</Jefe_tecnicos> </Tdepartamento>');
insert into experto (id, departamento_experiencia) values ('E001169', '<Tdepartamento><Nombre>Pozos petroleros</Nombre><Jefe_dpto>E0009856</Jefe_dpto><Jefe_ingeniero>E0003255</Jefe_ingeniero><Jefe_tecnicos>E0009154</Jefe_tecnicos> </Tdepartamento>');
insert into experto (id, departamento_experiencia) values ('E001954', '<Tdepartamento><Nombre>Pozos petroleros</Nombre><Jefe_dpto>E0009856</Jefe_dpto><Jefe_ingeniero>E0003255</Jefe_ingeniero><Jefe_tecnicos>E0009154</Jefe_tecnicos> </Tdepartamento>');
insert into experto (id, departamento_experiencia) values ('E001795', '<Tdepartamento><Nombre>Pozos petroleros</Nombre><Jefe_dpto>E0009856</Jefe_dpto><Jefe_ingeniero>E0003255</Jefe_ingeniero><Jefe_tecnicos>E0009154</Jefe_tecnicos> </Tdepartamento>');
insert into experto (id, departamento_experiencia) values ('E001981', '<Tdepartamento><Nombre>Pozos petroleros</Nombre><Jefe_dpto>E0009856</Jefe_dpto><Jefe_ingeniero>E0003255</Jefe_ingeniero><Jefe_tecnicos>E0009154</Jefe_tecnicos> </Tdepartamento>');
insert into experto (id, departamento_experiencia) values ('E001903', '<Tdepartamento><Nombre>Pozos petroleros</Nombre><Jefe_dpto>E0009856</Jefe_dpto><Jefe_ingeniero>E0003255</Jefe_ingeniero><Jefe_tecnicos>E0009154</Jefe_tecnicos> </Tdepartamento>');
insert into experto (id, departamento_experiencia) values ('E001673', '<Tdepartamento><Nombre>Pozos petroleros</Nombre><Jefe_dpto>E0009856</Jefe_dpto><Jefe_ingeniero>E0003255</Jefe_ingeniero><Jefe_tecnicos>E0009154</Jefe_tecnicos> </Tdepartamento>');
insert into experto (id, departamento_experiencia) values ('E001242', '<Tdepartamento><Nombre>Pozos petroleros</Nombre><Jefe_dpto>E0009856</Jefe_dpto><Jefe_ingeniero>E0003255</Jefe_ingeniero><Jefe_tecnicos>E0009154</Jefe_tecnicos> </Tdepartamento>');
insert into experto (id, departamento_experiencia) values ('E001434', '<Tdepartamento><Nombre>Pozos petroleros</Nombre><Jefe_dpto>E0009856</Jefe_dpto><Jefe_ingeniero>E0003255</Jefe_ingeniero><Jefe_tecnicos>E0009154</Jefe_tecnicos> </Tdepartamento>');
insert into experto (id, departamento_experiencia) values ('E001239', '<Tdepartamento><Nombre>Pozos petroleros</Nombre><Jefe_dpto>E0009856</Jefe_dpto><Jefe_ingeniero>E0003255</Jefe_ingeniero><Jefe_tecnicos>E0009154</Jefe_tecnicos> </Tdepartamento>');
insert into experto (id, departamento_experiencia) values ('E001574', '<Tdepartamento><Nombre>Pozos petroleros</Nombre><Jefe_dpto>E0009856</Jefe_dpto><Jefe_ingeniero>E0003255</Jefe_ingeniero><Jefe_tecnicos>E0009154</Jefe_tecnicos> </Tdepartamento>');
insert into experto (id, departamento_experiencia) values ('E001305', '<Tdepartamento><Nombre>Pozos petroleros</Nombre><Jefe_dpto>E0009856</Jefe_dpto><Jefe_ingeniero>E0003255</Jefe_ingeniero><Jefe_tecnicos>E0009154</Jefe_tecnicos> </Tdepartamento>');
insert into experto (id, departamento_experiencia) values ('E001805', '<Tdepartamento><Nombre>Pozos petroleros</Nombre><Jefe_dpto>E0009856</Jefe_dpto><Jefe_ingeniero>E0003255</Jefe_ingeniero><Jefe_tecnicos>E0009154</Jefe_tecnicos> </Tdepartamento>');
insert into experto (id, departamento_experiencia) values ('E001214', '<Tdepartamento><Nombre>Pozos petroleros</Nombre><Jefe_dpto>E0009856</Jefe_dpto><Jefe_ingeniero>E0003255</Jefe_ingeniero><Jefe_tecnicos>E0009154</Jefe_tecnicos> </Tdepartamento>');
insert into experto (id, departamento_experiencia) values ('E001348', '<Tdepartamento><Nombre>Pozos petroleros</Nombre><Jefe_dpto>E0009856</Jefe_dpto><Jefe_ingeniero>E0003255</Jefe_ingeniero><Jefe_tecnicos>E0009154</Jefe_tecnicos> </Tdepartamento>');
insert into experto (id, departamento_experiencia) values ('E001621', '<Tdepartamento><Nombre>Pozos petroleros</Nombre><Jefe_dpto>E0009856</Jefe_dpto><Jefe_ingeniero>E0003255</Jefe_ingeniero><Jefe_tecnicos>E0009154</Jefe_tecnicos> </Tdepartamento>');
insert into experto (id, departamento_experiencia) values ('E001110', '<Tdepartamento><Nombre>Pozos petroleros</Nombre><Jefe_dpto>E0009856</Jefe_dpto><Jefe_ingeniero>E0003255</Jefe_ingeniero><Jefe_tecnicos>E0009154</Jefe_tecnicos> </Tdepartamento>');
insert into experto (id, departamento_experiencia) values ('E001678', '<Tdepartamento><Nombre>Pozos petroleros</Nombre><Jefe_dpto>E0009856</Jefe_dpto><Jefe_ingeniero>E0003255</Jefe_ingeniero><Jefe_tecnicos>E0009154</Jefe_tecnicos> </Tdepartamento>');
insert into experto (id, departamento_experiencia) values ('E001150', '<Tdepartamento><Nombre>Pozos petroleros</Nombre><Jefe_dpto>E0009856</Jefe_dpto><Jefe_ingeniero>E0003255</Jefe_ingeniero><Jefe_tecnicos>E0009154</Jefe_tecnicos> </Tdepartamento>');
insert into experto (id, departamento_experiencia) values ('E001159', '<Tdepartamento><Nombre>Pozos petroleros</Nombre><Jefe_dpto>E0009856</Jefe_dpto><Jefe_ingeniero>E0003255</Jefe_ingeniero><Jefe_tecnicos>E0009154</Jefe_tecnicos> </Tdepartamento>');
insert into experto (id, departamento_experiencia) values ('E001531', '<Tdepartamento><Nombre>Pozos petroleros</Nombre><Jefe_dpto>E0009856</Jefe_dpto><Jefe_ingeniero>E0003255</Jefe_ingeniero><Jefe_tecnicos>E0009154</Jefe_tecnicos> </Tdepartamento>');


/*poblar estado*/
insert into estado (numero_revision, revisado_por, numero_pieza, calidad, observaciones) values (2463534, '0012316', 483448, 'E', 'Esta en excelente estado');
insert into estado (numero_revision, revisado_por, numero_pieza, calidad, observaciones) values (7907234, '0014536', 714615, 'B', 'Esta en buen estado');
insert into estado (numero_revision, revisado_por, numero_pieza, calidad, observaciones) values (4798948, '0013992', 375192, 'R', 'Tiene algunas falencias');
insert into estado (numero_revision, revisado_por, numero_pieza, calidad, observaciones) values (9829122, '0011811', 343472, 'M', 'No es recomendable usar');
insert into estado (numero_revision, revisado_por, numero_pieza, calidad, observaciones) values (2794125, '0011252', 849711, 'P', 'No se puede usar');
insert into estado (numero_revision, revisado_por, numero_pieza, calidad, observaciones) values (8700289, '0017830', 693460, 'E', 'Esta en excelente estado');
insert into estado (numero_revision, revisado_por, numero_pieza, calidad, observaciones) values (6691414, '0014689', 101354, 'B', 'Esta en buen estado');
insert into estado (numero_revision, revisado_por, numero_pieza, calidad, observaciones) values (2587405, '0017736', 824929, 'R', 'Tiene algunas falencias');
insert into estado (numero_revision, revisado_por, numero_pieza, calidad, observaciones) values (4397592, '0015256', 522087, 'M', 'No es recomendable usar');
insert into estado (numero_revision, revisado_por, numero_pieza, calidad, observaciones) values (1905168, '0018780', 658486, 'P', 'No se puede usar');
insert into estado (numero_revision, revisado_por, numero_pieza, calidad, observaciones) values (1017654, '0018894', 306339, 'E', 'Esta en excelente estado');
insert into estado (numero_revision, revisado_por, numero_pieza, calidad, observaciones) values (5821441, '0018787', 304400, 'B', 'Esta en buen estado');
insert into estado (numero_revision, revisado_por, numero_pieza, calidad, observaciones) values (6914016, '0015101', 212727, 'R', 'Tiene algunas falencias');
insert into estado (numero_revision, revisado_por, numero_pieza, calidad, observaciones) values (2157745, '0017047', 534956, 'M', 'No es recomendable usar');
insert into estado (numero_revision, revisado_por, numero_pieza, calidad, observaciones) values (5926659, '0018329', 657937, 'P', 'No se puede usar');
insert into estado (numero_revision, revisado_por, numero_pieza, calidad, observaciones) values (6489401, '0017518', 663502, 'E', 'Esta en excelente estado');
insert into estado (numero_revision, revisado_por, numero_pieza, calidad, observaciones) values (8445716, '0019899', 425985, 'B', 'Esta en buen estado');
insert into estado (numero_revision, revisado_por, numero_pieza, calidad, observaciones) values (5068185, '0013000', 858996, 'R', 'Tiene algunas falencias');
insert into estado (numero_revision, revisado_por, numero_pieza, calidad, observaciones) values (7432137, '0016641', 354834, 'M', 'No es recomendable usar');
insert into estado (numero_revision, revisado_por, numero_pieza, calidad, observaciones) values (4114127, '0016076', 339791, 'P', 'No se puede usar');
insert into estado (numero_revision, revisado_por, numero_pieza, calidad, observaciones) values (4540732, '0014299', 910639, 'E', 'Esta en excelente estado');
insert into estado (numero_revision, revisado_por, numero_pieza, calidad, observaciones) values (2589777, '0015320', 229335, 'B', 'Esta en buen estado');
insert into estado (numero_revision, revisado_por, numero_pieza, calidad, observaciones) values (9210209, '0019843', 730482, 'R', 'Tiene algunas falencias');
insert into estado (numero_revision, revisado_por, numero_pieza, calidad, observaciones) values (5292593, '0016510', 600365, 'M', 'No es recomendable usar');
insert into estado (numero_revision, revisado_por, numero_pieza, calidad, observaciones) values (1251047, '0019520', 910734, 'P', 'No se puede usar');
insert into estado (numero_revision, revisado_por, numero_pieza, calidad, observaciones) values (1073696, '0019743', 742184, 'E', 'Esta en excelente estado');
insert into estado (numero_revision, revisado_por, numero_pieza, calidad, observaciones) values (9686922, '0014331', 563968, 'B', 'Esta en buen estado');
insert into estado (numero_revision, revisado_por, numero_pieza, calidad, observaciones) values (4939655, '0011850', 960027, 'R', 'Tiene algunas falencias');
insert into estado (numero_revision, revisado_por, numero_pieza, calidad, observaciones) values (3504752, '0016908', 686267, 'M', 'No es recomendable usar');
insert into estado (numero_revision, revisado_por, numero_pieza, calidad, observaciones) values (5772700, '0019407', 897996, 'P', 'No se puede usar');
insert into estado (numero_revision, revisado_por, numero_pieza, calidad, observaciones) values (8388087, '0014741', 631757, 'E', 'Esta en excelente estado');
insert into estado (numero_revision, revisado_por, numero_pieza, calidad, observaciones) values (8047742, '0013165', 469887, 'B', 'Esta en buen estado');
insert into estado (numero_revision, revisado_por, numero_pieza, calidad, observaciones) values (6911561, '0011932', 917580, 'R', 'Tiene algunas falencias');
insert into estado (numero_revision, revisado_por, numero_pieza, calidad, observaciones) values (5576361, '0013116', 227693, 'M', 'No es recomendable usar');
insert into estado (numero_revision, revisado_por, numero_pieza, calidad, observaciones) values (8710011, '0018679', 363105, 'P', 'No se puede usar');
insert into estado (numero_revision, revisado_por, numero_pieza, calidad, observaciones) values (3722842, '0013511', 453850, 'E', 'Esta en excelente estado');
insert into estado (numero_revision, revisado_por, numero_pieza, calidad, observaciones) values (3913086, '0015043', 182786, 'B', 'Esta en buen estado');
insert into estado (numero_revision, revisado_por, numero_pieza, calidad, observaciones) values (7929436, '0018074', 172928, 'R', 'Tiene algunas falencias');
insert into estado (numero_revision, revisado_por, numero_pieza, calidad, observaciones) values (6545665, '0013996', 694573, 'M', 'No es recomendable usar');
insert into estado (numero_revision, revisado_por, numero_pieza, calidad, observaciones) values (2450051, '0017278', 317096, 'P', 'No se puede usar');
insert into estado (numero_revision, revisado_por, numero_pieza, calidad, observaciones) values (9961438, '0011360', 387208, 'E', 'Esta en excelente estado');
insert into estado (numero_revision, revisado_por, numero_pieza, calidad, observaciones) values (6691790, '0018796', 434308, 'B', 'Esta en buen estado');
insert into estado (numero_revision, revisado_por, numero_pieza, calidad, observaciones) values (2163114, '0018365', 590735, 'R', 'Tiene algunas falencias');
insert into estado (numero_revision, revisado_por, numero_pieza, calidad, observaciones) values (7457780, '0017148', 960352, 'M', 'No es recomendable usar');
insert into estado (numero_revision, revisado_por, numero_pieza, calidad, observaciones) values (8722889, '0017558', 504136, 'P', 'No se puede usar');
insert into estado (numero_revision, revisado_por, numero_pieza, calidad, observaciones) values (3042165, '0012348', 954782, 'E', 'Esta en excelente estado');
insert into estado (numero_revision, revisado_por, numero_pieza, calidad, observaciones) values (8983186, '0014714', 728241, 'B', 'Esta en buen estado');
insert into estado (numero_revision, revisado_por, numero_pieza, calidad, observaciones) values (7678894, '0014333', 801979, 'R', 'Tiene algunas falencias');
insert into estado (numero_revision, revisado_por, numero_pieza, calidad, observaciones) values (6603222, '0013318', 405000, 'M', 'No es recomendable usar');
insert into estado (numero_revision, revisado_por, numero_pieza, calidad, observaciones) values (6179659, '0018912', 305379, 'P', 'No se puede usar');

/*poblar permiso*/
insert into permiso (numero_permiso, id_autor, numero_pieza, detalle, estado, fecha_permiso,pedido) values (4243020, 1248809, 695269, 'se necesita para extraccion', 'No Aceptado', TO_DATE('2020/09/28', 'yyyy/mm/dd'), 7932019);
insert into permiso (numero_permiso, id_autor, numero_pieza, detalle, estado, fecha_permiso,pedido) values (4480326, 7975063, 245313, 'necesidad urgente para el pozo norte', 'Aceptado', TO_DATE('2020/09/28', 'yyyy/mm/dd'), 6341875);
insert into permiso (numero_permiso, id_autor, numero_pieza, detalle, estado, fecha_permiso,pedido) values (4726387, 9706066, 538036, 'se necesita para extraccion', 'Aceptado', TO_DATE('2020/09/28', 'yyyy/mm/dd'), 3832013);
insert into permiso (numero_permiso, id_autor, numero_pieza, detalle, estado, fecha_permiso,pedido) values (1796363, 7595204, 217861, 'pieza baja necesidad', 'No Aceptado', TO_DATE('2020/09/28', 'yyyy/mm/dd'), 2300247);
insert into permiso (numero_permiso, id_autor, numero_pieza, detalle, estado, fecha_permiso,pedido) values (7324526, 8319287, 949435, 'pieza baja necesidad', 'Aceptado', TO_DATE('2020/09/28', 'yyyy/mm/dd'), 4901366);
insert into permiso (numero_permiso, id_autor, numero_pieza, detalle, estado, fecha_permiso,pedido) values (5012119, 3773525, 866247, 'se necesita para extraccion', 'Aceptado', TO_DATE('2020/09/28', 'yyyy/mm/dd'), 7984956);
insert into permiso (numero_permiso, id_autor, numero_pieza, detalle, estado, fecha_permiso,pedido) values (4806711, 4347440, 538919, 'pieza baja necesidad', 'No Aceptado', TO_DATE('2020/09/28', 'yyyy/mm/dd'), 9678353);
insert into permiso (numero_permiso, id_autor, numero_pieza, detalle, estado, fecha_permiso,pedido) values (2806017, 8776068, 858665, 'se necesita para extraccion', 'No Aceptado', TO_DATE('2020/09/28', 'yyyy/mm/dd'), 8530762);
insert into permiso (numero_permiso, id_autor, numero_pieza, detalle, estado, fecha_permiso,pedido) values (8832110, 6167822, 266543, 'se necesita para extraccion', 'No Aceptado', TO_DATE('2020/09/28', 'yyyy/mm/dd'),  5640840);
insert into permiso (numero_permiso, id_autor, numero_pieza, detalle, estado, fecha_permiso,pedido) values (6150450, 9242742, 709345, 'pieza necesitada para maquinaria pesada', 'No Aceptado', TO_DATE('2020/09/28', 'yyyy/mm/dd'), 6953852);
insert into permiso (numero_permiso, id_autor, numero_pieza, detalle, estado, fecha_permiso,pedido) values (4344247, 9291127, 917179, 'se necesita para extraccion', 'No Aceptado', TO_DATE('2020/09/28', 'yyyy/mm/dd'), 9408532);
insert into permiso (numero_permiso, id_autor, numero_pieza, detalle, estado, fecha_permiso,pedido) values (5537308, 1531436, 279628, 'pieza baja necesidad', 'Aceptado', TO_DATE('2020/09/28', 'yyyy/mm/dd'), 6298801);
insert into permiso (numero_permiso, id_autor, numero_pieza, detalle, estado, fecha_permiso,pedido) values (9679295, 7588947, 802613, 'pieza necesitada para maquinaria pesada', 'Aceptado', TO_DATE('2020/09/28', 'yyyy/mm/dd'), 6476244);
insert into permiso (numero_permiso, id_autor, numero_pieza, detalle, estado, fecha_permiso,pedido) values (6406994, 4205795, 647909, 'pieza necesitada para maquinaria pesada', 'No Aceptado' , TO_DATE('2020/09/28', 'yyyy/mm/dd'), 6706836);
insert into permiso (numero_permiso, id_autor, numero_pieza, detalle, estado, fecha_permiso,pedido) values (5671630, 7822503, 148621, 'pieza baja necesidad', 'No Aceptado', TO_DATE('2020/09/28', 'yyyy/mm/dd'), 1656936);
insert into permiso (numero_permiso, id_autor, numero_pieza, detalle, estado, fecha_permiso,pedido) values (5759463, 4792722, 830024, 'pieza baja necesidad', 'Aceptado', TO_DATE('2020/09/28', 'yyyy/mm/dd'), 2115787);
insert into permiso (numero_permiso, id_autor, numero_pieza, detalle, estado, fecha_permiso,pedido) values (1595566, 6308420, 250702, 'se necesita para extraccion', 'No Aceptado', TO_DATE('2020/09/28', 'yyyy/mm/dd'), 7245871);
insert into permiso (numero_permiso, id_autor, numero_pieza, detalle, estado, fecha_permiso,pedido) values (6524304, 4816160, 343046, 'pieza baja necesidad', 'No Aceptado', TO_DATE('2020/09/28', 'yyyy/mm/dd'), 2322084);
insert into permiso (numero_permiso, id_autor, numero_pieza, detalle, estado, fecha_permiso,pedido) values (7615940, 1959619, 190220, 'pieza necesitada para maquinaria pesada', 'No Aceptado', TO_DATE('2020/09/28', 'yyyy/mm/dd'), 9995071);
insert into permiso (numero_permiso, id_autor, numero_pieza, detalle, estado, fecha_permiso,pedido) values (7090673, 1369567, 644895, 'pieza necesitada para maquinaria pesada', 'No Aceptado', TO_DATE('2020/09/28', 'yyyy/mm/dd'), 1832855);
insert into permiso (numero_permiso, id_autor, numero_pieza, detalle, estado, fecha_permiso,pedido) values (5376297, 1985711, 347901, 'se necesita para extraccion', 'Aceptado', TO_DATE('2020/09/28', 'yyyy/mm/dd'), 3948741);
insert into permiso (numero_permiso, id_autor, numero_pieza, detalle, estado, fecha_permiso,pedido) values (3614418, 1348247, 440992, 'necesidad urgente para el pozo norte', 'Aceptado', TO_DATE('2020/09/28', 'yyyy/mm/dd'), 7770467);
insert into permiso (numero_permiso, id_autor, numero_pieza, detalle, estado, fecha_permiso,pedido) values (2215299, 7461743, 383484, 'pieza baja necesidad', 'Aceptado', TO_DATE('2020/09/28', 'yyyy/mm/dd'), 1618037);
insert into permiso (numero_permiso, id_autor, numero_pieza, detalle, estado, fecha_permiso,pedido) values (5447216, 1389776, 274308, 'pieza necesitada para maquinaria pesada', 'No Aceptado', TO_DATE('2020/09/28', 'yyyy/mm/dd'), 7093609);
insert into permiso (numero_permiso, id_autor, numero_pieza, detalle, estado, fecha_permiso,pedido) values (1935035, 2427764, 296656, 'se necesita para extraccion', 'Aceptado', TO_DATE('2020/09/28', 'yyyy/mm/dd'), 2681884);
insert into permiso (numero_permiso, id_autor, numero_pieza, detalle, estado, fecha_permiso,pedido) values (1008159, 8403875, 530784, 'pieza baja necesidad', 'Aceptado', TO_DATE('2020/09/28', 'yyyy/mm/dd'), 9757950);
insert into permiso (numero_permiso, id_autor, numero_pieza, detalle, estado, fecha_permiso,pedido) values (7528386, 5097576, 948060, 'se necesita para extraccion', 'Aceptado', TO_DATE('2020/09/28', 'yyyy/mm/dd'), 4261279);
insert into permiso (numero_permiso, id_autor, numero_pieza, detalle, estado, fecha_permiso,pedido) values (5537210, 1281637, 858799, 'pieza necesitada para maquinaria pesada', 'Aceptado', TO_DATE('2020/09/28', 'yyyy/mm/dd'), 9804889);
insert into permiso (numero_permiso, id_autor, numero_pieza, detalle, estado, fecha_permiso,pedido) values (2555382, 4404765, 452619, 'pieza necesitada para maquinaria pesada', 'Aceptado', TO_DATE('2020/09/28', 'yyyy/mm/dd'), 9003411);
insert into permiso (numero_permiso, id_autor, numero_pieza, detalle, estado, fecha_permiso,pedido) values (3607568, 3593351, 944079, 'pieza necesitada para maquinaria pesada', 'No Aceptado', TO_DATE('2020/09/28', 'yyyy/mm/dd'), 7480465);
insert into permiso (numero_permiso, id_autor, numero_pieza, detalle, estado, fecha_permiso,pedido) values (2847448, 6642621, 907070, 'necesidad urgente para el pozo norte', 'No Aceptado', TO_DATE('2020/09/28', 'yyyy/mm/dd'), 4582782);
insert into permiso (numero_permiso, id_autor, numero_pieza, detalle, estado, fecha_permiso,pedido) values (1176697, 1850072, 822585, 'se necesita para extraccion', 'Aceptado', TO_DATE('2020/09/28', 'yyyy/mm/dd'), 3699319);
insert into permiso (numero_permiso, id_autor, numero_pieza, detalle, estado, fecha_permiso,pedido) values (7360980, 8847195, 998768, 'pieza baja necesidad', 'Aceptado', TO_DATE('2020/09/28', 'yyyy/mm/dd'), 1480927);
insert into permiso (numero_permiso, id_autor, numero_pieza, detalle, estado, fecha_permiso,pedido) values (8645739, 2222369, 851329, 'pieza necesitada para maquinaria pesada', 'Aceptado', TO_DATE('2020/09/28', 'yyyy/mm/dd'), 9185098);
insert into permiso (numero_permiso, id_autor, numero_pieza, detalle, estado, fecha_permiso,pedido) values (1256397, 1298920, 238102, 'se necesita para extraccion', 'No Aceptado', TO_DATE('2020/09/28', 'yyyy/mm/dd'), 1589792);
insert into permiso (numero_permiso, id_autor, numero_pieza, detalle, estado, fecha_permiso,pedido) values (3884416, 7006666, 928044, 'pieza necesitada para maquinaria pesada', 'No Aceptado', TO_DATE('2020/09/28', 'yyyy/mm/dd'), 9563507);
insert into permiso (numero_permiso, id_autor, numero_pieza, detalle, estado, fecha_permiso,pedido) values (1378333, 7273636, 591596, 'pieza baja necesidad', 'Aceptado', TO_DATE('2020/09/28', 'yyyy/mm/dd'), 7576484);
insert into permiso (numero_permiso, id_autor, numero_pieza, detalle, estado, fecha_permiso,pedido) values (7361422, 1393073, 325626, 'necesidad urgente para el pozo norte', 'No Aceptado', TO_DATE('2020/09/28', 'yyyy/mm/dd'), 4941309);
insert into permiso (numero_permiso, id_autor, numero_pieza, detalle, estado, fecha_permiso,pedido) values (7614385, 7028958, 145404, 'pieza necesitada para maquinaria pesada', 'No Aceptado', TO_DATE('2020/09/28', 'yyyy/mm/dd'), 7993724);
insert into permiso (numero_permiso, id_autor, numero_pieza, detalle, estado, fecha_permiso,pedido) values (1067371, 6934671, 413736, 'pieza baja necesidad', 'Aceptado', TO_DATE('2020/09/28', 'yyyy/mm/dd'), 3477999);
insert into permiso (numero_permiso, id_autor, numero_pieza, detalle, estado, fecha_permiso,pedido) values (5637775, 8658810, 965688, 'pieza necesitada para maquinaria pesada', 'No Aceptado', TO_DATE('2020/09/28', 'yyyy/mm/dd'), 6061898);
insert into permiso (numero_permiso, id_autor, numero_pieza, detalle, estado, fecha_permiso,pedido) values (2661675, 1929807, 145470, 'se necesita para extraccion', 'Aceptado', TO_DATE('2020/09/28', 'yyyy/mm/dd'), 1671420);
insert into permiso (numero_permiso, id_autor, numero_pieza, detalle, estado, fecha_permiso,pedido) values (1156483, 4939422, 749101, 'pieza baja necesidad', 'Aceptado', TO_DATE('2020/09/28', 'yyyy/mm/dd'), 4407818);
insert into permiso (numero_permiso, id_autor, numero_pieza, detalle, estado, fecha_permiso,pedido) values (9856208, 1664256, 168071, 'pieza necesitada para maquinaria pesada', 'Aceptado', TO_DATE('2020/09/28', 'yyyy/mm/dd'), 4609620);
insert into permiso (numero_permiso, id_autor, numero_pieza, detalle, estado, fecha_permiso,pedido) values (1124322, 8466244, 991380, 'necesidad urgente para el pozo norte', 'No Aceptado', TO_DATE('2020/09/28', 'yyyy/mm/dd'), 5259528);
insert into permiso (numero_permiso, id_autor, numero_pieza, detalle, estado, fecha_permiso,pedido) values (5544275, 9004009, 451768, 'necesidad urgente para el pozo norte', 'Aceptado', TO_DATE('2020/09/28', 'yyyy/mm/dd'), 4103246);
insert into permiso (numero_permiso, id_autor, numero_pieza, detalle, estado, fecha_permiso,pedido) values (7578218, 1443599, 831286, 'pieza necesitada para maquinaria pesada', 'Aceptado', TO_DATE('2020/09/28', 'yyyy/mm/dd'), 8891440);
insert into permiso (numero_permiso, id_autor, numero_pieza, detalle, estado, fecha_permiso,pedido) values (2356627, 4418979, 329302, 'se necesita para extraccion', 'Aceptado', TO_DATE('2020/09/28', 'yyyy/mm/dd'), 7277959);
insert into permiso (numero_permiso, id_autor, numero_pieza, detalle, estado, fecha_permiso,pedido) values (1140515, 5338777, 209214, 'pieza baja necesidad', 'No Aceptado', TO_DATE('2020/09/28', 'yyyy/mm/dd'), 3909681);
insert into permiso (numero_permiso, id_autor, numero_pieza, detalle, estado, fecha_permiso,pedido) values (5385928, 7675362, 865336, 'pieza baja necesidad', 'No Aceptado', TO_DATE('2020/09/28', 'yyyy/mm/dd'),3281560);


/*poblar pedido pieza*/
insert into pedido_pieza (numero_pedido,  departamento_destino, cantidad_piezas,estado, bodega_reclamo, fecha_pedido, fecha_llegada) values (2013533,  'Pozos petroleros', 6509,  TO_DATE('2020/09/15', 'yyyy/mm/dd'), TO_DATE('2020/09/20', 'yyyy/mm/dd'), 'Bodega La Esperanza');
insert into pedido_pieza (numero_pedido,  departamento_destino, cantidad_piezas,estado, bodega_reclamo, fecha_pedido, fecha_llegada) values (8788426,  'Pozos petroleros', 5035, TO_DATE('2020/09/15', 'yyyy/mm/dd'), TO_DATE('2020/09/20', 'yyyy/mm/dd'),'Bodega San Juan');
insert into pedido_pieza (numero_pedido,  departamento_destino, cantidad_piezas,estado, bodega_reclamo, fecha_pedido, fecha_llegada) values (5145469,  'Pozos petroleros', 6200, TO_DATE('2020/09/15', 'yyyy/mm/dd'), TO_DATE('2020/09/20', 'yyyy/mm/dd'),'Bodega San Juan');
insert into pedido_pieza (numero_pedido,  departamento_destino, cantidad_piezas,estado, bodega_reclamo, fecha_pedido, fecha_llegada) values (1797027,  'Pozos petroleros', 5416, TO_DATE('2020/09/15', 'yyyy/mm/dd'), TO_DATE('2020/09/20', 'yyyy/mm/dd'),'Bodega Central');
insert into pedido_pieza (numero_pedido,  departamento_destino, cantidad_piezas,estado, bodega_reclamo, fecha_pedido, fecha_llegada) values (5490920,  'Pozos petroleros', 2483, TO_DATE('2020/09/15', 'yyyy/mm/dd'), TO_DATE('2020/09/20', 'yyyy/mm/dd'),'Bodega Chichimene');
insert into pedido_pieza (numero_pedido,  departamento_destino, cantidad_piezas,estado, bodega_reclamo, fecha_pedido, fecha_llegada) values (5966434,  'Pozos petroleros', 2931, TO_DATE('2020/09/15', 'yyyy/mm/dd'), TO_DATE('2020/09/20', 'yyyy/mm/dd'),'Bodega Central');
insert into pedido_pieza (numero_pedido,  departamento_destino, cantidad_piezas,estado, bodega_reclamo, fecha_pedido, fecha_llegada) values (5645795,  'Pozos petroleros', 4177, TO_DATE('2020/09/15', 'yyyy/mm/dd'), TO_DATE('2020/09/20', 'yyyy/mm/dd'),'Bodega Chichimene');
insert into pedido_pieza (numero_pedido,  departamento_destino, cantidad_piezas,estado, bodega_reclamo, fecha_pedido, fecha_llegada) values (5847629,  'Pozos petroleros', 5747, TO_DATE('2020/09/15', 'yyyy/mm/dd'), TO_DATE('2020/09/20', 'yyyy/mm/dd'),'Bodega Central');
insert into pedido_pieza (numero_pedido,  departamento_destino, cantidad_piezas,estado, bodega_reclamo, fecha_pedido, fecha_llegada) values (7482496,  'Pozos petroleros', 530,  TO_DATE('2020/09/15', 'yyyy/mm/dd'), TO_DATE('2020/09/20', 'yyyy/mm/dd'),'Bodega Central');
insert into pedido_pieza (numero_pedido,  departamento_destino, cantidad_piezas,estado, bodega_reclamo, fecha_pedido, fecha_llegada) values (9008573,  'Pozos petroleros', 4891, TO_DATE('2020/09/15', 'yyyy/mm/dd'), TO_DATE('2020/09/20', 'yyyy/mm/dd'),'Bodega San Juan');
insert into pedido_pieza (numero_pedido,  departamento_destino, cantidad_piezas,estado, bodega_reclamo, fecha_pedido, fecha_llegada) values (3434393,  'Pozos petroleros', 4333, TO_DATE('2020/09/15', 'yyyy/mm/dd'), TO_DATE('2020/09/20', 'yyyy/mm/dd'),'Bodega San Juan');
insert into pedido_pieza (numero_pedido,  departamento_destino, cantidad_piezas,estado, bodega_reclamo, fecha_pedido, fecha_llegada) values (5552234,  'Pozos petroleros', 1865, TO_DATE('2020/09/15', 'yyyy/mm/dd'), TO_DATE('2020/09/20', 'yyyy/mm/dd'),'Bodega Chichimene');
insert into pedido_pieza (numero_pedido,  departamento_destino, cantidad_piezas,estado, bodega_reclamo, fecha_pedido, fecha_llegada) values (1027805,  'Pozos petroleros', 1195, TO_DATE('2020/09/15', 'yyyy/mm/dd'), TO_DATE('2020/09/20', 'yyyy/mm/dd'),'Bodega La Esperanza');
insert into pedido_pieza (numero_pedido,  departamento_destino, cantidad_piezas,estado, bodega_reclamo, fecha_pedido, fecha_llegada) values (6964334,  'Pozos petroleros', 3054, TO_DATE('2020/09/15', 'yyyy/mm/dd'), TO_DATE('2020/09/20', 'yyyy/mm/dd'),'Bodega San Martin');
insert into pedido_pieza (numero_pedido,  departamento_destino, cantidad_piezas,estado, bodega_reclamo, fecha_pedido, fecha_llegada) values (9529072,  'Pozos petroleros', 2739, TO_DATE('2020/09/15', 'yyyy/mm/dd'), TO_DATE('2020/09/20', 'yyyy/mm/dd'),'Bodega San Martin');
insert into pedido_pieza (numero_pedido,  departamento_destino, cantidad_piezas,estado, bodega_reclamo, fecha_pedido, fecha_llegada) values (9864348,  'Pozos petroleros', 1157, TO_DATE('2020/09/15', 'yyyy/mm/dd'), TO_DATE('2020/09/20', 'yyyy/mm/dd'),'Bodega Chichimene');
insert into pedido_pieza (numero_pedido,  departamento_destino, cantidad_piezas,estado, bodega_reclamo, fecha_pedido, fecha_llegada) values (1176987,  'Pozos petroleros', 7693, TO_DATE('2020/09/15', 'yyyy/mm/dd'), TO_DATE('2020/09/20', 'yyyy/mm/dd'),'Bodega Central');
insert into pedido_pieza (numero_pedido,  departamento_destino, cantidad_piezas,estado, bodega_reclamo, fecha_pedido, fecha_llegada) values (5735663,  'Pozos petroleros', 9371, TO_DATE('2020/09/15', 'yyyy/mm/dd'), TO_DATE('2020/09/20', 'yyyy/mm/dd'),'Bodega Chichimene');
insert into pedido_pieza (numero_pedido,  departamento_destino, cantidad_piezas,estado, bodega_reclamo, fecha_pedido, fecha_llegada) values (4944793,  'Pozos petroleros', 1337, TO_DATE('2020/09/15', 'yyyy/mm/dd'), TO_DATE('2020/09/20', 'yyyy/mm/dd'),'Bodega La Esperanza');
insert into pedido_pieza (numero_pedido,  departamento_destino, cantidad_piezas,estado, bodega_reclamo, fecha_pedido, fecha_llegada) values (6933384,  'Pozos petroleros', 5527, TO_DATE('2020/09/15', 'yyyy/mm/dd'), TO_DATE('2020/09/20', 'yyyy/mm/dd'),'Bodega San Juan');
insert into pedido_pieza (numero_pedido,  departamento_destino, cantidad_piezas,estado, bodega_reclamo, fecha_pedido, fecha_llegada) values (3486801,  'Pozos petroleros', 1959, TO_DATE('2020/09/15', 'yyyy/mm/dd'), TO_DATE('2020/09/20', 'yyyy/mm/dd'),'Bodega La Esperanza');
insert into pedido_pieza (numero_pedido,  departamento_destino, cantidad_piezas,estado, bodega_reclamo, fecha_pedido, fecha_llegada) values (5980745,  'Pozos petroleros', 6155, TO_DATE('2020/09/15', 'yyyy/mm/dd'), TO_DATE('2020/09/20', 'yyyy/mm/dd'),'Bodega San Juan');
insert into pedido_pieza (numero_pedido,  departamento_destino, cantidad_piezas,estado, bodega_reclamo, fecha_pedido, fecha_llegada) values (3854910,  'Pozos petroleros', 6028, TO_DATE('2020/09/15', 'yyyy/mm/dd'), TO_DATE('2020/09/20', 'yyyy/mm/dd'),'Bodega San Juan');
insert into pedido_pieza (numero_pedido,  departamento_destino, cantidad_piezas,estado, bodega_reclamo, fecha_pedido, fecha_llegada) values (7210227,  'Pozos petroleros', 8117, TO_DATE('2020/09/15', 'yyyy/mm/dd'), TO_DATE('2020/09/20', 'yyyy/mm/dd'),'Bodega Central');
insert into pedido_pieza (numero_pedido,  departamento_destino, cantidad_piezas,estado, bodega_reclamo, fecha_pedido, fecha_llegada) values (9211244,  'Pozos petroleros', 8825, TO_DATE('2020/09/15', 'yyyy/mm/dd'), TO_DATE('2020/09/20', 'yyyy/mm/dd'),'Bodega Central');
insert into pedido_pieza (numero_pedido,  departamento_destino, cantidad_piezas,estado, bodega_reclamo, fecha_pedido, fecha_llegada) values (9256944,  'Pozos petroleros', 2982, TO_DATE('2020/09/15', 'yyyy/mm/dd'), TO_DATE('2020/09/20', 'yyyy/mm/dd'),'Bodega Central');
insert into pedido_pieza (numero_pedido,  departamento_destino, cantidad_piezas,estado, bodega_reclamo, fecha_pedido, fecha_llegada) values (3903481,  'Pozos petroleros', 7505, TO_DATE('2020/09/15', 'yyyy/mm/dd'), TO_DATE('2020/09/20', 'yyyy/mm/dd'),'Bodega La Esperanza');
insert into pedido_pieza (numero_pedido,  departamento_destino, cantidad_piezas,estado, bodega_reclamo, fecha_pedido, fecha_llegada) values (8499204,  'Pozos petroleros', 6060, TO_DATE('2020/09/15', 'yyyy/mm/dd'), TO_DATE('2020/09/20', 'yyyy/mm/dd'),'Bodega Central');
insert into pedido_pieza (numero_pedido,  departamento_destino, cantidad_piezas,estado, bodega_reclamo, fecha_pedido, fecha_llegada) values (4352251,  'Pozos petroleros', 51,   TO_DATE('2020/09/15', 'yyyy/mm/dd'), TO_DATE('2020/09/20', 'yyyy/mm/dd'),'Bodega Chichimene');
insert into pedido_pieza (numero_pedido,  departamento_destino, cantidad_piezas,estado, bodega_reclamo, fecha_pedido, fecha_llegada) values (2262323,  'Pozos petroleros', 1545, TO_DATE('2020/09/15', 'yyyy/mm/dd'), TO_DATE('2020/09/20', 'yyyy/mm/dd'),'Bodega San Juan');
insert into pedido_pieza (numero_pedido,  departamento_destino, cantidad_piezas,estado, bodega_reclamo, fecha_pedido, fecha_llegada) values (8993562,  'Pozos petroleros', 5040, TO_DATE('2020/09/15', 'yyyy/mm/dd'), TO_DATE('2020/09/20', 'yyyy/mm/dd'),'Bodega San Juan');
insert into pedido_pieza (numero_pedido,  departamento_destino, cantidad_piezas,estado, bodega_reclamo, fecha_pedido, fecha_llegada) values (6613438,  'Pozos petroleros', 8797, TO_DATE('2020/09/15', 'yyyy/mm/dd'), TO_DATE('2020/09/20', 'yyyy/mm/dd'),'Bodega San Juan');
insert into pedido_pieza (numero_pedido,  departamento_destino, cantidad_piezas,estado, bodega_reclamo, fecha_pedido, fecha_llegada) values (6057451,  'Pozos petroleros', 9852, TO_DATE('2020/09/15', 'yyyy/mm/dd'), TO_DATE('2020/09/20', 'yyyy/mm/dd'),'Bodega La Esperanza');
insert into pedido_pieza (numero_pedido,  departamento_destino, cantidad_piezas,estado, bodega_reclamo, fecha_pedido, fecha_llegada) values (1154374,  'Pozos petroleros', 5977, TO_DATE('2020/09/15', 'yyyy/mm/dd'), TO_DATE('2020/09/20', 'yyyy/mm/dd'),'Bodega Central');
insert into pedido_pieza (numero_pedido,  departamento_destino, cantidad_piezas,estado, bodega_reclamo, fecha_pedido, fecha_llegada) values (6716353,  'Pozos petroleros', 739,  TO_DATE('2020/09/15', 'yyyy/mm/dd'), TO_DATE('2020/09/20', 'yyyy/mm/dd'),'Bodega Central');
insert into pedido_pieza (numero_pedido,  departamento_destino, cantidad_piezas,estado, bodega_reclamo, fecha_pedido, fecha_llegada) values (5582701,  'Pozos petroleros', 7213, TO_DATE('2020/09/15', 'yyyy/mm/dd'), TO_DATE('2020/09/20', 'yyyy/mm/dd'),'Bodega San Juan');
insert into pedido_pieza (numero_pedido,  departamento_destino, cantidad_piezas,estado, bodega_reclamo, fecha_pedido, fecha_llegada) values (9735943,  'Pozos petroleros', 8412, TO_DATE('2020/09/15', 'yyyy/mm/dd'), TO_DATE('2020/09/20', 'yyyy/mm/dd'),'Bodega Chichimene');
insert into pedido_pieza (numero_pedido,  departamento_destino, cantidad_piezas,estado, bodega_reclamo, fecha_pedido, fecha_llegada) values (8876454,  'Pozos petroleros', 8051, TO_DATE('2020/09/15', 'yyyy/mm/dd'), TO_DATE('2020/09/20', 'yyyy/mm/dd'),'Bodega Central');
insert into pedido_pieza (numero_pedido,  departamento_destino, cantidad_piezas,estado, bodega_reclamo, fecha_pedido, fecha_llegada) values (6716644,  'Pozos petroleros', 1626, TO_DATE('2020/09/15', 'yyyy/mm/dd'), TO_DATE('2020/09/20', 'yyyy/mm/dd'),'Bodega San Juan');
insert into pedido_pieza (numero_pedido,  departamento_destino, cantidad_piezas,estado, bodega_reclamo, fecha_pedido, fecha_llegada) values (6327618,  'Pozos petroleros', 1533, TO_DATE('2020/09/15', 'yyyy/mm/dd'), TO_DATE('2020/09/20', 'yyyy/mm/dd'),'Bodega La Esperanza');
insert into pedido_pieza (numero_pedido,  departamento_destino, cantidad_piezas,estado, bodega_reclamo, fecha_pedido, fecha_llegada) values (8535151,  'Pozos petroleros', 6172, TO_DATE('2020/09/15', 'yyyy/mm/dd'), TO_DATE('2020/09/20', 'yyyy/mm/dd'),'Bodega Central');
insert into pedido_pieza (numero_pedido,  departamento_destino, cantidad_piezas,estado, bodega_reclamo, fecha_pedido, fecha_llegada) values (3968389,  'Pozos petroleros', 4581, TO_DATE('2020/09/15', 'yyyy/mm/dd'), TO_DATE('2020/09/20', 'yyyy/mm/dd'),'Bodega San Martin');
insert into pedido_pieza (numero_pedido,  departamento_destino, cantidad_piezas,estado, bodega_reclamo, fecha_pedido, fecha_llegada) values (5411879,  'Pozos petroleros', 7947, TO_DATE('2020/09/15', 'yyyy/mm/dd'), TO_DATE('2020/09/20', 'yyyy/mm/dd'),'Bodega La Esperanza');
insert into pedido_pieza (numero_pedido,  departamento_destino, cantidad_piezas,estado, bodega_reclamo, fecha_pedido, fecha_llegada) values (7109425,  'Pozos petroleros', 4941, TO_DATE('2020/09/15', 'yyyy/mm/dd'), TO_DATE('2020/09/20', 'yyyy/mm/dd'),'Bodega Chichimene');
insert into pedido_pieza (numero_pedido,  departamento_destino, cantidad_piezas,estado, bodega_reclamo, fecha_pedido, fecha_llegada) values (6225528,  'Pozos petroleros', 2651, TO_DATE('2020/09/15', 'yyyy/mm/dd'), TO_DATE('2020/09/20', 'yyyy/mm/dd'),'Bodega Central');
insert into pedido_pieza (numero_pedido,  departamento_destino, cantidad_piezas,estado, bodega_reclamo, fecha_pedido, fecha_llegada) values (1564031,  'Pozos petroleros', 9001, TO_DATE('2020/09/15', 'yyyy/mm/dd'), TO_DATE('2020/09/20', 'yyyy/mm/dd'),'Bodega Chichimene');
insert into pedido_pieza (numero_pedido,  departamento_destino, cantidad_piezas,estado, bodega_reclamo, fecha_pedido, fecha_llegada) values (3062024,  'Pozos petroleros', 6325, TO_DATE('2020/09/15', 'yyyy/mm/dd'), TO_DATE('2020/09/20', 'yyyy/mm/dd'),'Bodega San Martin');
insert into pedido_pieza (numero_pedido,  departamento_destino, cantidad_piezas,estado, bodega_reclamo, fecha_pedido, fecha_llegada) values (7516099,  'Pozos petroleros', 7635, TO_DATE('2020/09/15', 'yyyy/mm/dd'), TO_DATE('2020/09/20', 'yyyy/mm/dd'),'Bodega San Juan');
insert into pedido_pieza (numero_pedido,  departamento_destino, cantidad_piezas,estado, bodega_reclamo, fecha_pedido, fecha_llegada) values (6263057,  'Pozos petroleros', 1450, TO_DATE('2020/09/15', 'yyyy/mm/dd'), TO_DATE('2020/09/20', 'yyyy/mm/dd'),'Bodega San Juan');
insert into pedido_pieza (numero_pedido,  departamento_destino, cantidad_piezas,estado, bodega_reclamo, fecha_pedido, fecha_llegada) values (9261090,  'Pozos petroleros', 8708, TO_DATE('2020/09/15', 'yyyy/mm/dd'), TO_DATE('2020/09/20', 'yyyy/mm/dd'),'Bodega San Juan');

/*poblar pieza petrolera*/
insert into pieza_extraccion_petrolera (numero_serie, tipo, dimensiones) values (997459, 'Soldadoras', '10000 mm');
insert into pieza_extraccion_petrolera (numero_serie, tipo, dimensiones) values (994525, 'Tubos', '200 mm x 500 mm x 100 mm');
insert into pieza_extraccion_petrolera (numero_serie, tipo, dimensiones) values (992285, 'Tubos', '100 mm x 200 mm x 100 mm');
insert into pieza_extraccion_petrolera (numero_serie, tipo, dimensiones) values (955452, 'Engranajes', '10 dientes ');
insert into pieza_extraccion_petrolera (numero_serie, tipo, dimensiones) values (786525, 'Soldadoras', '50000 mm');
insert into pieza_extraccion_petrolera (numero_serie, tipo, dimensiones) values (156528, 'Soldadoras', '60000 mm');
insert into pieza_extraccion_petrolera (numero_serie, tipo, dimensiones) values (357281, 'Tornillos', '20 mm');
insert into pieza_extraccion_petrolera (numero_serie, tipo, dimensiones) values (641265, 'Tornillos', '50 mm');
insert into pieza_extraccion_petrolera (numero_serie, tipo, dimensiones) values (941565, 'Soldadoras', '3000 mm');
insert into pieza_extraccion_petrolera (numero_serie, tipo, dimensiones) values (512565, 'Tornillos', '30 mm');
insert into pieza_extraccion_petrolera (numero_serie, tipo, dimensiones) values (357251, 'Tubos', '300 mm x 500 mm x 200 mm');
insert into pieza_extraccion_petrolera (numero_serie, tipo, dimensiones) values (455265, 'Soldadoras', '5000 mm');
insert into pieza_extraccion_petrolera (numero_serie, tipo, dimensiones) values (382118, 'Tubos', '200 mm x 360 mm x 200 mm');
insert into pieza_extraccion_petrolera (numero_serie, tipo, dimensiones) values (825651, 'Tornillos', '40 mm');
insert into pieza_extraccion_petrolera (numero_serie, tipo, dimensiones) values (465465, 'Engranajes', '30 dientes');
insert into pieza_extraccion_petrolera (numero_serie, tipo, dimensiones) values (261541, 'Tornillos', '20 mm');
insert into pieza_extraccion_petrolera (numero_serie, tipo, dimensiones) values (181748, 'Tornillos', '60 mm');
insert into pieza_extraccion_petrolera (numero_serie, tipo, dimensiones) values (418556, 'Soldadoras', '3000 mm');
insert into pieza_extraccion_petrolera (numero_serie, tipo, dimensiones) values (845341, 'Tornillos', '40 mm');
insert into pieza_extraccion_petrolera (numero_serie, tipo, dimensiones) values (412656, 'Tubos', '100 mm x 250 mm x 120 mm');
insert into pieza_extraccion_petrolera (numero_serie, tipo, dimensiones) values (315248, 'Soldadoras', '10000 mm');
insert into pieza_extraccion_petrolera (numero_serie, tipo, dimensiones) values (684578, 'Soldadoras', '9000 mm');
insert into pieza_extraccion_petrolera (numero_serie, tipo, dimensiones) values (684154, 'Tubos', '500 mm x 2000 mm x 150 mm');
insert into pieza_extraccion_petrolera (numero_serie, tipo, dimensiones) values (305415, 'Tubos', '200 mm x 500 mm x 100 mm');
insert into pieza_extraccion_petrolera (numero_serie, tipo, dimensiones) values (465185, 'Tornillos', '50 mm');
insert into pieza_extraccion_petrolera (numero_serie, tipo, dimensiones) values (751643, 'Engranajes', '20 dientes');
insert into pieza_extraccion_petrolera (numero_serie, tipo, dimensiones) values (985425, 'Tornillos', '40 mm');
insert into pieza_extraccion_petrolera (numero_serie, tipo, dimensiones) values (298652, 'Soldadoras', '5000 mm');
insert into pieza_extraccion_petrolera (numero_serie, tipo, dimensiones) values (548951, 'Engranajes', '5 dientes');
insert into pieza_extraccion_petrolera (numero_serie, tipo, dimensiones) values (132848, 'Engranajes', '8 dientes');
insert into pieza_extraccion_petrolera (numero_serie, tipo, dimensiones) values (123456, 'Perforadoras', '600 mm x 1500 mm');
insert into pieza_extraccion_petrolera (numero_serie, tipo, dimensiones) values (987654, 'Tornillos', '20 mm');
insert into pieza_extraccion_petrolera (numero_serie, tipo, dimensiones) values (974613, 'Tornillos', '70 mm');
insert into pieza_extraccion_petrolera (numero_serie, tipo, dimensiones) values (821553, 'Engranajes', '16 dientes');
insert into pieza_extraccion_petrolera (numero_serie, tipo, dimensiones) values (999991, 'Engranajes', '17 sientes');
insert into pieza_extraccion_petrolera (numero_serie, tipo, dimensiones) values (999992, 'Tubos', '100 mm x 300 mm x 90 mm');
insert into pieza_extraccion_petrolera (numero_serie, tipo, dimensiones) values (100000, 'Tubos', '600 mm x 1000 mm x 200 mm');
insert into pieza_extraccion_petrolera (numero_serie, tipo, dimensiones) values (100001, 'Soldadoras', '8000 mm');
insert into pieza_extraccion_petrolera (numero_serie, tipo, dimensiones) values (100002, 'Perforadoras', ' 300 mm x 1000 mm');
insert into pieza_extraccion_petrolera (numero_serie, tipo, dimensiones) values (100003, 'Perforadoras', '200 mm x 4000 mm');
insert into pieza_extraccion_petrolera (numero_serie, tipo, dimensiones) values (100004, 'Engranajes', '13 dientes');
insert into pieza_extraccion_petrolera (numero_serie, tipo, dimensiones) values (100005, 'Tubos', '200 mm x 800 mm x 100 mm');
insert into pieza_extraccion_petrolera (numero_serie, tipo, dimensiones) values (100006, 'Perforadoras', '600 mm x 2000 mm');
insert into pieza_extraccion_petrolera (numero_serie, tipo, dimensiones) values (100007, 'Engranajes', '10 dientes');
insert into pieza_extraccion_petrolera (numero_serie, tipo, dimensiones) values (100008, 'Perforadoras', '400 mm x 600 mm');
insert into pieza_extraccion_petrolera (numero_serie, tipo, dimensiones) values (100009, 'Soldadoras', '2000 mm');
insert into pieza_extraccion_petrolera (numero_serie, tipo, dimensiones) values (100010, 'Engranajes', '30 dientes');
insert into pieza_extraccion_petrolera (numero_serie, tipo, dimensiones) values (100011, 'Perforadoras', '200 mm x 3000 mm');
insert into pieza_extraccion_petrolera (numero_serie, tipo, dimensiones) values (100012, 'Perforadoras', '200 mm x 100 mm');
insert into pieza_extraccion_petrolera (numero_serie, tipo, dimensiones) values (100013, 'Tubos', '100 mm x 400 mm x 100 mm');

